LocationId,count,LON,LAT,NOM_SITE
1,36,2.232214,48.857652,"MM_SOLIDAYS_LONGCHAMP_2012_EVENT, MM_SOLIDAYS_EVENT_2014, SOLIDAYS_LONGCHAMP_09_EVENT, MM_SOLYDAYS_LONGCHAMP_2011_EVENT, SOLIDAYS_LONGCHAMP_EVENT, MM_SOLYDAYS_LONGCHP_10_EVENT, MM_SOLIDAYS_LONGCHAMP_2013_EVENT, MM_SOLIDAYS_EVENT_2015"
2,4,2.245908,48.870228000000004,MM_SOSH_FESTIVAL_BAGATELLE_2014
3,1,2.247119,48.84776,MM_RG_OBT_EVENT_2014
4,12,2.247949,48.84768,"MM_IDF_EVENT5, MM_ORGA"
5,14,2.24987,48.847115,MM_MOUSQUETAIRE
6,1,2.250116,48.847015999999996,TENNISEUM_ROLLAND_GARROS_EVENT
7,10,2.250204,48.867337,HIPPODROME_IDF
8,4,2.250237,48.863823,PRE_CATELAN
9,6,2.253846,48.847666,TPIM_AUTEUIL_BP
10,27,2.256042,48.853851,LAC_SUPERIEUR
11,1,2.2562849999999997,48.837862,PORTE_DE_ST_CLOUD_METRO_L9
12,27,2.256843,48.846868,PARC_DES_PRINCES
13,4,2.256924,48.838887,MURAT_STEFANIK
14,7,2.25706,48.856027000000005,TPIM_LAC_SUPERIEUR
15,18,2.257673,48.838421000000004,PORTE_DE_ST_CLOUD
16,2,2.259845,48.842925,EXELMANS_METRO_L9
17,27,2.260647,48.843995,EXELMANS
18,2,2.261557,48.845128,MICHEL_ANGE_MOLITOR_METRO_L9_10
19,27,2.262547,48.838801000000004,ST_EXUPERY
20,3,2.2634830000000004,48.841255,BOILEAU
21,3,2.2641139999999997,48.847646000000005,CNRS_INDOOR
22,2,2.2643590000000002,48.847862,MICHEL_ANGE_AUTEUIL_METRO_L9_10
23,6,2.264491,48.841058000000004,TPIM_BLD_EXELMANS_MAR
24,18,2.264748,48.842308,BOILEAU_EU
25,1,2.265448,48.84771,BOUTIQUE_SDR_AUTEUIL_PDV1
26,27,2.265589,48.844178,CHARDON_LAGACHE
27,7,2.2660400000000003,48.863321,PERI_MUETTE
28,2,2.2665,48.845023,CHARDON_LAGACHE_METRO_L10
29,2,2.266858,48.842057000000004,"ATELIER_BAROK_PARIS_EVENT, ATELIER_BAROK_2008_PARIS_EVENT"
30,4,2.2676369999999997,48.840296,BLERIOT_EXELMANS
31,2,2.268472,48.847379,EGLISE_D_AUTEUIL_METRO_L10
32,27,2.268779,48.841519,INSTITUT_PARIS_V
33,27,2.269438,48.848071000000004,PLACE_JEAN_LORRAIN
34,5,2.2712060000000003,48.838645,MM_FRANCE_TELEVISION_2017_IND
35,27,2.2712060000000003,48.839346,LE_PONANT
36,22,2.271417,48.855298,"SQUARE_MOZART, GUSTAVE_ZEDE"
37,27,2.272206,48.845026000000004,STE_PERINE
38,6,2.272237,48.84215,TPIM_CEVENNES_CITROEN
39,3,2.2722919999999998,48.852126,OSM_BEIJAFLORE_PARIS_INDOOR
40,2,2.2728599999999997,48.855362,OSMSLA_RANELAGH_EADS
41,2,2.273157,48.84713,MIRABEAU_METRO_L10
42,27,2.273318,48.848649,MOLITOR_EU
43,6,2.2737119999999997,48.871783,TPIM_DAUPHINE_BP
44,2,2.274737,48.858095,LA_MUETTE_METRO_L9
45,27,2.275547,48.852524,RADIO_FRANCE
46,4,2.275856,48.844111,OSM_EUROPE_1_ANDRE_CITROEN_PARIS_15
47,27,2.275962,48.85842,BOULAINVILLIERS
48,20,2.276806,48.835484,OSM_ATHENA_OF_PARIS_INDOOR
49,4,2.276875,48.846278000000005,SEINE_MIRABEAU
50,28,2.276987,48.85585,RAYNOUARD_BRUNEAU
51,2,2.2777060000000002,48.846099,JAVEL_ANDRE_CITROEN_METRO_L10
52,27,2.2780270000000002,48.839044,JAVEL
53,5,2.278102,48.832995000000004,OSM_SMA_BTP_PARIS_IND
54,2,2.2786009999999997,48.837058,BALARD_METRO_L8
55,1,2.278802,48.852309000000005,RADIO_FRANCE_INDOOR
56,27,2.27886,48.861692,CORTAMBERT
57,27,2.27897,48.836213,HELIPORT
58,17,2.2794220000000003,48.858295,PASSY
59,27,2.279832,48.844536,IMPRIMERIE_NATIONALE
60,27,2.280748,48.841489,UNIVERSITE_PARIS_I
61,4,2.280782,48.859617,EUGENE_MANUEL_BIS
62,5,2.280975,48.858045000000004,AGENCE_FT_PARIS_PASSY_PDV1
63,18,2.281176,48.848015000000004,EMILE_ZOLA_SECTEUR_3
64,3,2.281504,48.860229,DOUMER_LA_TOUR
65,3,2.281571,48.848509,OSM_ARDAGH_ANDRE_CITROEN_INDOOR
66,27,2.282146,48.832404,PORTE_DE_SEVRES
67,4,2.282492,48.865765,MEXICO
68,15,2.282565,48.848222,CC_BEAUGRENELLE_PARIS
69,27,2.283011,48.864795,RUE_DE_LA_TOUR
70,6,2.28355,48.857075,KENNEDY
71,27,2.283723,48.861335,DOUMER
72,6,2.283808,48.831955,PARC_EXPOS_HALL_1_INDOOR
73,14,2.2845009999999997,48.832359999999994,PARC_EXPOS_VERS_HALL1
74,27,2.284597,48.845221,STE_LUCIE
75,14,2.285675,48.856573,KENNEDY_EU
76,27,2.285672,48.859609999999996,BIR_HAKEIM
77,1,2.2856970000000003,48.861767,APPARTEMENT_ORANGE_TROCADERO_EVENT
78,2,2.285757,48.870053999999996,VICTOR_HUGO_METRO_L2
79,2,2.2857939999999997,48.846489,CHARLES_MICHELS_METRO_L10
80,27,2.285936,48.868904,RAYMOND_POINCARE_BIS
81,5,2.286003,48.869515,AGENCE_FT_PARIS_VICTOR_HUGO_PDV1
82,12,2.286188,48.848017,EMILE_ZOLA_SECTEUR_1_ET_2
83,4,2.2865349999999998,48.868877000000005,BOISSIERE_BIS
84,3,2.286681,48.830743,"SALON_ETUDIANT_HALL_2_ORANGE_EVENT, MM_PARC_EXPOS_HALL2_ EVENT_2013_LTE, MM_PARC_EXPOS_HALL4_EVENT_14_LTE"
85,9,2.286722,48.830725,PARC_EXPOS_HALL_2_INDOOR
86,4,2.2870150000000002,48.866109,SAINT_DIDIER_BIS
87,7,2.2872209999999997,48.863646,TROCADERO_METRO_L6_9
88,27,2.287488,48.841528000000004,BOUCICAUT
89,9,2.287662,48.830132,PARC_EXPOS_HALL_3
90,27,2.287832,48.837897999999996,CIMETIERE_VAUGIRARD
91,4,2.287868,48.870657,VICTOR_HUGO_VILLE
92,2,2.2879099999999997,48.841169,BOUCICAUT_METRO_L8
93,28,2.288024,48.864824,"RUE_DE_LONGCHAMP, LIGUE_FOOT_KLEBER_EVENT"
94,3,2.28838,48.862613,"MM_HELLO_SHOW_4G_BCKP_EVENT_2014, MM_HELLO_SHOW_4G_EVENT_2014"
95,3,2.288394,48.862146,PALAIS_DE_CHAILLOT_INDOOR
96,27,2.288417,48.866954,LIGUE_FOOT
97,10,2.288852,48.853024,OSM_AG2R_LA_MONDIALE_PARIS_GRENELLE_IND
98,18,2.2889880000000002,48.853734,BRAZZAVILLE_BIS
99,2,2.2893950000000003,48.8409,"FFV_PARTENARIAT_ORANGE_EVENT, FFV_CATAMARAN_ORANGE_PROVISOIRE"
100,27,2.289756,48.832775,CROIX_NIVERT
101,14,2.2898669999999997,48.830726,PARC_EXPOS_VERS_HALL4_HALL5
102,6,2.290207,48.831113,PARC_DES_EXPOS_HALL_5_INDOOR
103,1,2.290283,48.866991,BOISSIERE_METRO_L6
104,4,2.290578,48.85715,SEINE_IENA_OUEST
105,32,2.290607,48.870191,KLEBER
106,7,2.291027,48.872698,FOCH_LE_SUEUR
107,27,2.291155,48.851551,DUPLEIX
108,6,2.291556,48.82972,PARC_DES_EXPOS_HALL_8_INDOOR
109,27,2.291665,48.844766,COMMERCE
110,6,2.292004,48.862139,"OSM_CIN_AQUA_AQUARIUM_DE_PARIS, MM_CINE_AQUARIUM_PARIS_2012"
111,27,2.2921080000000003,48.867189,RUE_LAURISTON
112,3,2.292209,48.876490999999994,GENERAL_LANREZAC
113,27,2.2922689999999997,48.854679,GRENELLE
114,4,2.292557,48.868852000000004,PEROUSE_BELLOY
115,3,2.292925,48.867765000000006,OSM_PERNOD_RICARD_PARIS_INDOOR
116,4,2.293108,48.877732,ACACIAS_TRIOMPHE
117,2,2.293126,48.871495,KLEBER_METRO_L6
118,4,2.29314,48.871576,KLEBER_PORTUGAIS
119,1,2.293327,48.844136999999996,THE_PHONE_HOUSE_COMMERCE_PDV2
120,5,2.293386,48.870713,HOTEL_PENINSULA_PARIS_INDOOR
121,1,2.2934,48.870785,CENTRE_INT_KLEBER_CMR_EVENT
122,4,2.2935369999999997,48.869383,DUMONT
123,4,2.293562,48.872331,OSM_SOPRA_STERIA_IND
124,2,2.293704,48.833234999999995,MM_OLIVIER_DE_SERRES_VOEUX_2011_EVENT
125,2,2.293694,48.844623,COMMERCE_METRO_L8
126,18,2.293719,48.864089,PIERRE_1ER_DE_SERBIE
127,2,2.293718,48.865041999999995,IENA_METRO_L9
128,4,2.293773,48.847786,LETELLIER_2_MB
129,4,2.293924,48.862346,SEINE_IENA_EST
130,10,2.293957,48.871702,OSM_SCOR_PARIS_INDOOR
131,27,2.294077,48.87527,CDG_ETOILE_RER_A
132,10,2.2941529999999997,48.833236,OSM_TOUR_OLIVIER_DE_SERRES_INDOOR
133,4,2.294362,48.876205,MAC_MAHON
134,12,2.294404,48.875557,GENERAL_LANREZAC_EB
135,3,2.294565,48.878828999999996,FNAC_ETOILE_1_INDOOR
136,18,2.2947759999999997,48.837621999999996,HOPITAL_CONVENTION
137,27,2.294867,48.841774,SQUARE_LAMBERT
138,3,2.2950779999999997,48.834072,RUE_DES_MORILLONS
139,2,2.2953259999999998,48.847077,AV_EMILE_ZOLA_METRO_L10
140,5,2.2953669999999997,48.846475,BOUTIQUE_SDR_COMMERCE_PDV1
141,4,2.2954779999999997,48.878155,TERNES_MONTENOTTE
142,4,2.295547,48.876672,BREY
143,27,2.296061,48.847823,LETELLIER
144,18,2.296615,48.869986,NEWTON
145,2,2.296682,48.837281,CONVENTION_METRO_L12
146,4,2.296668,48.872485,OSM_PUBLICIS_VERNET_INDOOR
147,27,2.296768,48.849684,LA_MOTTE_PICQUET
148,5,2.296821,48.868476,OSM_ORANGE_RD_BASSANO_INDOOR
149,27,2.2968919999999997,48.830028000000006,PORTE_PLAISANCE
150,3,2.2968889999999997,48.868485,"COLLECTION_ETE_ORANGE_EVENT, COLLECTION_PRINTEMP_ORANGE_EVENT"
151,27,2.296916,48.868476,BASSANO
152,27,2.296939,48.874228,CDG_ETOILE_METRO_L1
153,27,2.2970759999999997,48.873554,CDG_ETOILE_METRO_FRIEDLAND
154,6,2.297335,48.873258,TPIM_ETOILE
155,18,2.297444,48.873581,FRIEDLAND_RE
156,4,2.29754,48.872539,AGENCE_FT_PARIS_CHAMPS_ELYSEES_PDV1
157,27,2.297901,48.845145,MEILHAC
158,18,2.297908,48.871919,VERNET_RE
159,4,2.298044,48.872458,CHAMPS_HOUSSAYE_BIS
160,5,2.298036,48.882874,DEMOURS_BANVILLE
161,27,2.2981409999999998,48.852084000000005,SUFFREN
162,11,2.298218,48.876538000000004,"OSM_EDF_WAGRAM_PARIS_INDOOR, SIEGE_EDF_WAGRAM"
163,27,2.2982560000000003,48.880078999999995,WAGRAM
164,4,2.298396,48.875352,HOCHE_BEAUJON
165,30,2.298425,48.855616,MM_FAN_ZONE_EVENT_1
166,27,2.298538,48.848875,LA_MOTTE_PICQUET_METRO_L6_8_10
167,1,2.298606,48.867354,OSM_ORRICK_PARIS_INDOOR
168,27,2.29908,48.835295,VAUGIRARD_DUVAL
169,4,2.2991610000000002,48.873428999999994,BYRON_BALZAC_BIS
170,27,2.299416,48.859066999999996,QUAI_BRANLY
171,1,2.299525,48.87768,OSM_GROUPAMA_PARIS_ST_HONORE_INDOOR
172,2,2.299684,48.866141,MM_AUDI_MARCEAU_2011_EVENT
173,4,2.299763,48.850161,GENERAL_DE_CASTELNAU
174,4,2.299857,48.871245,BASSANO_EULER_BIS
175,21,2.300147,48.865673,ALMA_MARCEAU_EB
176,30,2.300196,48.854411999999996,MM_FAN_ZONE_EVENT_3
177,8,2.300243,48.864271,SEINE_ALMA
178,4,2.300306,48.872378000000005,CHAMPS_MERCEDES
179,4,2.3003419999999997,48.878417,COURCELLES_NEVA_BIS
180,3,2.300566,48.870149,HOTEL_GEORGES_V_INDOOR
181,1,2.300565,48.871569,CONFERENCE_DSI_GEORGES_V_EVENT
182,6,2.300565,48.871731,GEORGE_V_METRO_L1
183,27,2.300662,48.869008,PRINCE_GALLES
184,2,2.3008290000000002,48.864406,ALMA_MARCEAU_METRO_L9
185,10,2.301283,48.877142,MM_HELLOSHOW_2017
186,4,2.301328,48.871354,OSM_LUCIEN_BARRIERE_PARIS_INDOOR
187,12,2.301399,48.867876,"MM_EUROSITES_GV_I_DAY10_EVENT, MM_GV_DRH_2010_EVENT, EUROSITES_GV_INVESTOR_DAY09_EVENT, EUROSITES_GV_INVESTOR_DAY_EVENT, EUROSITES_GEORGES_V_EVENT, GEORGE_V_1"
188,4,2.301452,48.869925,GEORGE_V_DUNANT
189,21,2.3014799999999997,48.868854999999996,PIERRE_CHARRON
190,30,2.3016259999999997,48.853873,MM_FAN_ZONE_EVENT_2
191,21,2.301677,48.859553000000005,QUAI_BRANLY_EU
192,18,2.301736,48.8326,VILLAFRANCA
193,4,2.301773,48.85781,RUE_AUGEREAU
194,12,2.301768,48.886165000000005,ALFRED_ROLL
195,15,2.30188,48.841543,ST_LAMBERT_IDF
196,27,2.301878,48.883711,PLACE_DU_BRESIL_N_RE
197,4,2.30205,48.871821000000004,CHAMPS_BERRI
198,4,2.302069,48.883765000000004,WAGRAM_PRONY_BIS
199,2,2.30212,48.86908,"HOTEL_PERSHING_CHARRON_EVENT, PERSHING_CHARRON_EVENT"
200,2,2.302337,48.870851,MM_CINEDAY_PARIS_2012_EVENT
201,27,2.3024720000000003,48.872648,CHATEAUBRIAND
202,14,2.302563,48.858655,BOSQUET
203,4,2.302557,48.868047,MAROT_MARBOEUF
204,3,2.302579,48.875659000000006,OSM_ETOILE_ST_HONORE_PARIS_INDOOR
205,4,2.302618,48.878463,COURCELLES_DARU
206,27,2.302651,48.849028999999994,CAMBRONNE
207,27,2.3027130000000002,48.838235,BARRUEL
208,27,2.3029319999999998,48.876818,HOCHE
209,2,2.303212,48.865691999999996,DROUOT_MONTAIGNE_INDOOR
210,2,2.303301,48.876001,GOLDEN_TULIPE_INDOOR
211,1,2.303341,48.876979999999996,SALONS_HOCHE_DME_EVENT
212,27,2.303413,48.829661,SQUARE_CASTAGNARY
213,27,2.303433,48.861639000000004,OSMSLA_AV_RAPP_TDF_RF
214,2,2.303517,48.879137,COURCELLES_METRO_L2
215,27,2.303948,48.844590000000004,UNESCO
216,1,2.303958,48.870662,CULTURE_BIERE_ELYSEE_EVENT
217,3,2.304033,48.839467,FNMF_MUTUALITE_FRANCAISE
218,27,2.3041150000000004,48.881519,CARNOT
219,27,2.304377,48.855177000000005,CHAMPS_DE_MARS_BIS
220,31,2.304383,48.86634,RUE_TREMOILLE
221,4,2.304409,48.869189,MARBOEUF
222,4,2.304637,48.874266999999996,WASHINGTON
223,2,2.304637,48.874608,MM_CONNECTING_TECHNOLOGY_EVENT
224,1,2.304631,48.883955,WAGRAM_METRO_L3
225,9,2.304975,48.856499,RAPP_BOSQUET_BIS
226,33,2.304979,48.872658,CHATEAUBRIAND_EU
227,5,2.305113,48.875201000000004,FRIEDLAND_ST_HONORE
228,4,2.30524,48.86785,EUROPE_1
229,2,2.305252,48.870888,PARKING_CHAMPS_ELYSEES
230,4,2.305308,48.869539,MM_1515_2011_EVENT
231,4,2.305381,48.883793,VILLIERS_LOUTIL
232,33,2.305484,48.869997999999995,MONTAIGNE
233,27,2.305899,48.882787,LYCEE_CARNOT
234,2,2.306027,48.828458000000005,FT_LOSSERAND_INDOOR
235,5,2.306136,48.850702000000005,"OSM_UNESCO_FONTENOY_INDOOR, MM_UNESCO_FONTENOY"
236,4,2.30614,48.867302,MARIGNAN
237,12,2.3062139999999998,48.834659,CLINIQUE_LABROUSTE
238,3,2.306291,48.866044,OSM_LVMH_MONTAIGNE_INDOOR
239,2,2.3064,48.865217,GIDE_LOYRETTE_INDOOR
240,2,2.306499,48.835765,SIEGE_FT_INDOOR
241,10,2.306622,48.835954,ORANGE_ALLERAY_1_INDOOR
242,3,2.306654,48.873746000000004,BERRI_ARTOIS
243,4,2.306669,48.870456,OSM_GALERIE LAFAYETTE PARIS 8_ INDOOR
244,3,2.306731,48.835190000000004,CLINIQUE_LABROUSTE_EU
245,21,2.306806,48.869585,MONTAIGNE_EU
246,3,2.306843,48.875687,OSM_SOFIPROTEOL_MONCEAU_INDOOR
247,4,2.306894,48.882967,RUE_CARDINET
248,27,2.306906,48.885798,MALESHERBES_TOCQUEVILLE_BIS
249,7,2.307085,48.835432,OSM_ROBOTS_ATS_ST_LAMBERT
250,1,2.307162,48.844052000000005,AGENCE_FT_PARIS_LECOURBE_PDV1
251,27,2.307202,48.891127000000004,BLD_BERTHIER
252,4,2.307235,48.881861,HENRI_ROCHEFORT
253,2,2.3073099999999998,48.847044,SEGUR_METRO_L10
254,1,2.307309,48.8714,AGENCE_FT_PARIS_LA_BOETIE_PDV1
255,4,2.3073509999999997,48.870349,COLISEE
256,27,2.307403,48.826984,PORTE_BRANCION
257,27,2.307398,48.835244,RUE_SAINT_AMAND
258,2,2.307429,48.828790999999995,PORTE_DE_VANVES_METRO_L13
259,4,2.307415,48.876487,OSM_HILTON_COURCELLES_INDOOR
260,4,2.3074689999999998,48.877332,LISBONNE_HAUSSMAN
261,27,2.307748,48.841561999999996,PASTEUR_EU
262,6,2.307728,48.877539,HAUSSMAN_BIS
263,3,2.3078529999999997,48.850082,SEGUR_EU
264,3,2.307866,48.874106,ST_HONORE_BERRI
265,3,2.3078990000000004,48.865127,OSM_LVMH_BAYARD_INDOOR
266,2,2.3080060000000002,48.86697,OSM_RTL_PARIS_INDOOR
267,24,2.3080060000000002,48.86714,CLEMENT_MAROT
268,15,2.308084,48.850783,OSM_SEGUR_PARIS_INDOOR
269,27,2.308072,48.870816,PONTHIEU
270,1,2.308138,48.850676,MINISTERE_TELECOM_INDOOR
271,10,2.3081959999999997,48.893644,OSM_DRPJ_BATIGNOLLES_PARIS17
272,23,2.308322,48.83794,DUTOT
273,4,2.308303,48.871895,LA_BOETIE
274,27,2.308436,48.85463,INVALIDES
275,17,2.308527,48.886534999999995,"MALESHERBES_TOCQUEVILLE_PROV, MALESHERBES_TOCQUEVILLE"
276,2,2.308646,48.867563,OSM_COMPAGNIES_MONTAIGNE_INDOOR
277,4,2.308718,48.861523999999996,OSM_CASINO_UNIVERSITE
278,3,2.308825,48.865424,FRANCOIS_PREMIER
279,2,2.308924,48.883039000000004,MALESHERBES_METRO_L3
280,27,2.308959,48.868947,FRANKLIN_ROOSEVELT_METRO_L1
281,4,2.308955,48.876937,MONCEAU_MURAT
282,18,2.309174,48.849175,VILLA_DE_SAXE
283,2,2.3091779999999997,48.866646,MAISON_DES_CENTRALIENS
284,8,2.309254,48.876811,OSM_CAPITAL_8_MESSINE_MURAT
285,27,2.309381,48.844933000000005,RUE_DE_STAEL
286,2,2.3093939999999997,48.871257,LAGARDERE_ACTIVE_INDOOR
287,2,2.309389,48.880388,MONCEAU_METRO_L2
288,18,2.309673,48.857713000000004,LA_TOUR_MAUBOURG
289,32,2.3097060000000003,48.873477,ST_PHILIPPE_DU_ROULE
290,4,2.309841,48.874924,HAUSSMANN_COURCELLES
291,14,2.309838,48.880990000000004,PARC_MONCEAU_BIS
292,2,2.30987,48.872640999999994,ST_PHILIPPE_DU_R_METRO_L9
293,2,2.310191,48.857578000000004,LA_TOUR_MAUBOURG_METRO_L8
294,6,2.3103290000000003,48.880901,PARC_MONCEAU
295,27,2.3103580000000004,48.876928,HAUSSMAN_TER
296,5,2.3106169999999997,48.877009,OSM_CAPITAL_8_MESSINE
297,4,2.310768,48.874475,COURCELLES_BIS
298,4,2.3107830000000003,48.872811999999996,LA_BOETIE_PERCIER_BIS
299,4,2.31128,48.885349,CARDINET
300,27,2.311385,48.839469,ARMORIQUE
301,4,2.311448,48.877216,MESSINE
302,12,2.31229,48.882051000000004,LEGENDRE_S_RE
303,24,2.312339,48.866225,"MM_GP_FIAC_2011_EVENT, MM_GP_FIAC_2012_EVENT, MM_GP_FIAC_2013_EVENT, MM_GRAND_PALAIS_EVENT_2014, MM_GRAND_PALAIS_PARADISO_2015, MM_LEADERS_MEETING_EVENT_2015"
304,6,2.312446,48.870395,MATIGNON
305,7,2.312502,48.866225,"GRAND_PALAIS_UE_JUILLET_EVENT, GRAND_PALAIS_INDOOR"
306,21,2.312516,48.866162,GRAND_PALAIS
307,27,2.312555,48.87106,AVENUE_GABRIEL_EU
308,2,2.312595,48.842866,PASTEUR_METRO_L6_12
309,2,2.312584,48.866071999999996,GRAND_PALAIS_QUIKSILVER_2009_EVENT
310,12,2.312576,48.88357,RUE_SAUSSURE
311,27,2.312771,48.874466,BOETIE
312,12,2.312798,48.87443,OSM_SANOFI_PARIS_INDOOR
313,5,2.312976,48.873271,OSM_CA_VILLAGE_PARIS_INDOOR
314,33,2.313016,48.846703999999995,HENRI_QUEUILLE
315,4,2.313,48.880317,MALESHERBES_MONCEAU_BIS
316,27,2.313091,48.830678999999996,HOPITAL_ST_JOSEPH
317,27,2.3131150000000003,48.897240000000004,STADE_LEON_BIANCOTTO
318,27,2.3132650000000003,48.867519,CHAMPS_ELYSEES_METRO_L1
319,6,2.313348,48.864814,TPIM_COURS_DE_LA_REINE
320,27,2.313702,48.834122,VOUILLE
321,2,2.313729,48.894211,PORTE_DE_CLICHY_METRO_L13
322,8,2.313762,48.852573,BRETEUIL
323,28,2.3138229999999997,48.837942,GARE_MONTPARNASSE_SNCF
324,15,2.313805,48.877522,PLACE_DE_NARVICK
325,2,2.31403,48.831920000000004,PLAISANCE_METRO_L13
326,27,2.3142150000000004,48.873783,MIROMESNIL_METRO_L9_L13
327,27,2.314238,48.853004999999996,BRETEUIL_BIS
328,4,2.314279,48.88322,LEVIS
329,4,2.31432,48.884190999999994,LEGENDRE_MICRO_BIS
330,1,2.314402,48.883265,THE_PHONE_HOUSE_LEVIS_PDV2
331,8,2.3146299999999997,48.860896000000004,INVALIDES_METRO_L8_L13
332,8,2.3146430000000002,48.862424,SEINE_ALEXANDRE_III
333,4,2.314707,48.871483000000005,ST_HONORE_ELYSEE_BIS
334,27,2.31493,48.892136,PONT_CARDINET
335,2,2.315122,48.856573,VARENNE_METRO_L13
336,7,2.315166,48.881405,VILLIERS_METRO_L2_3
337,4,2.315209,48.87559,HAUSSMANN_MIROMESNIL
338,27,2.3153650000000003,48.828595,PTE_CHATILLON_BIS
339,5,2.315587,48.850857,OSM_SCI_LA_REINE_PARIS_INDOOR
340,4,2.315616,48.880039000000004,MONCEAU_MIROMESNIL
341,3,2.315852,48.87036,OSMSLA_MARIGNY_ELYSEE_RF
342,4,2.315851,48.872813,PENTHIEVRES_MIROMESNIL
343,1,2.316092,48.881612,BOUTIQUE_SDR_LEVIS_PDV1
344,49,2.316129,48.82615,"OSM_DES_BRUNE, PORTE_DE_CHATILLON, BACHELARD"
345,24,2.316183,48.860402,ASSEMBLEE_NATIONALE
346,27,2.316257,48.879005,VILLIERS
347,4,2.3163400000000003,48.842912,FALGUIERE
348,24,2.316391,48.885548,LEGENDRE
349,4,2.316596,48.883949,LEGENDRE_2_MB
350,12,2.316654,48.841249,GARE_MONTPARNASSE_TER_PROV
351,7,2.3167869999999997,48.847019,DUROC_METRO_L10_13
352,3,2.316823,48.860168,CHIMIE_INDOOR
353,15,2.316838,48.892693,PONT_CARDINET_EU
354,4,2.317073,48.882601,DAMES
355,4,2.3171150000000003,48.879545,GENERAL_FOY_BIS
356,15,2.317198,48.841456,GARE_MONTPARNASSE_BIS
357,45,2.317218,48.894482,RERC_P_CLICHY
358,6,2.317242,48.867798,OSM_VIP_STUDIO_GABRIEL_INDOOR
359,4,2.3173060000000003,48.844332,VAUGIRARD_BIS
360,4,2.31736,48.881288,BATIGNOLLES_GOUBAUX_PROVISOIRE
361,28,2.317459,48.872337,OSMSLA_MIROMESNIL_RF
362,1,2.317837,48.844575,FALGUIERE_METRO_L12
363,1,2.317882,48.833960999999995,PERNETY_METRO_L13
364,12,2.317885,48.861525,ASSEMBLEE_NATIONALE_INDOOR
365,4,2.318003,48.873128,PENTHIEVRE_CAMBACERES
366,27,2.3180389999999997,48.887265,BROCHANT
367,1,2.318093,48.852098,CRIF_BARBET
368,8,2.318125,48.839290000000005,GARE_MONTPARNASSE_2_INDOOR
369,3,2.318148,48.849276,ROUSSELET
370,20,2.3182139999999998,48.856636,BABYLONE_BIS
371,15,2.318257,48.849428,CATHERINE_LABOURE
372,4,2.318395,48.845339,OSM_IMAGINE_NECKER_PARIS_INDOOR
373,23,2.318493,48.837781,PLACE_DE_CATALOGNE_RE
374,3,2.318587,48.842463,GARE_MONTPARNASSE
375,3,2.3187860000000002,48.856331,BABYLONE
376,5,2.318808,48.872059,OSM_CLIFFORD_ASTORG_PARIS_INDOOR
377,28,2.3138229999999997,48.837942,GARE_MONTPARNASSE_SNCF
378,4,2.318881,48.896127,BESSIERES_IDF
379,27,2.318998,48.834258,PERNETY
380,4,2.319023,48.878763,ROCHER
381,15,2.3191450000000002,48.841978000000005,HSF_PROVISOIRE
382,4,2.319298,48.873533,OSM_CEGID_PARIS
383,33,2.319322,48.842023,GARE_MONTPARNASSE_TER
384,12,2.3196790000000003,48.872634000000005,OSMSLA_GAN_ASTORG
385,6,2.319737,48.864329999999995,TPIM_CONCORDE
386,21,2.3200939999999997,48.854974,CITE_VANEAU
387,8,2.3201669999999996,48.840908,GARE_MONTPARNASSE_1_INDOOR
388,4,2.320234,48.843506,MAINE
389,2,2.320246,48.890429,BROCHANT_METRO_L13
390,3,2.3203009999999997,48.847496,OSM_LA_BANQUE_POSTALE_PARIS_INDOOR
391,27,2.320333,48.831786,NOYER_DIDOT
392,27,2.320319,48.873731,LAVOISIER
393,2,2.320405,48.861129999999996,ASSEMBLEE_NATIONALE_METRO_L12
394,27,2.320459,48.861643,QUAI_ANATOLE_FRANCE
395,4,2.320495,48.877361,OSM_BPI_PARIS_INDOOR
396,33,2.320548,48.884174,ROME
397,8,2.320639,48.854345,OSM_GOUV_57_VAREN_VIP
398,4,2.320651,48.858946,DOMINIQUE
399,2,2.320763,48.848602,VANEAU_METRO_L10
400,27,2.32077,48.870145,OSMSLA_MADELEINE_RF
401,21,2.32082,48.841394,MONTPARNASSE_METRO_L6
402,4,2.320837,48.874441,HAUSSMANN_MALESHERBES
403,21,2.3208860000000002,48.846706,HOPITAL_NECKER
404,7,2.3209020000000002,48.882403000000004,ROME_METRO_L2
405,10,2.320981,48.848997,KERING_PARIS07_INDOOR
406,4,2.320982,48.888227,LEMERCIER_MICRO
407,33,2.321026,48.878961,"ST_AUGUSTIN_PROVISOIRE, ST_AUGUSTIN_BIS"
408,4,2.321057,48.867781,BOISSY_D_ANGLAS_BIS
409,6,2.3212450000000002,48.87738,ST_AUGUSTIN_IDF
410,6,2.321392,48.841538,TPIM_AVENUE_DU_MAINE
411,4,2.3216639999999997,48.843191999999995,ARRIVEE
412,4,2.321682,48.871951,MALESHERBES_ANJOU
413,3,2.321791,48.874162,OSM_CHAUMET_HAUSSMANN_IND
414,3,2.32187,48.837098,VERCINGETORIX
415,32,2.321866,48.895579,PORTE_DE_ST_OUEN
416,27,2.321888,48.868132,OSMSLA_CONCORDE_RF
417,3,2.321977,48.842086,"TOUR_MONTPARNASSE_20E_ETAGE_INDOOR, OSM_ERAMET_PARIS_INDOOR"
418,18,2.322021,48.87693,CESAR_CAIRE
419,27,2.322159,48.826349,SQUARE_CHATILLON
420,27,2.3221540000000003,48.889926,RUE_LACROIX
421,2,2.322237,48.83868,MGC_DARTY_MONTPARNASSE_PDV3
422,6,2.322241,48.872778000000004,OSM_SOCIETE_GENERALE_ANJOU08_IND
423,4,2.322381,48.857877,BELLECHASSE_BIS
424,2,2.322435,48.858902,SOLFERINO_METRO_L12
425,1,2.3224810000000002,48.842257000000004,AGENCE_FT_PARIS_MAINE
426,4,2.322555,48.870325,MALESHERBES_ANGLAS
427,2,2.322645,48.838761,GAITE_METRO_L13
428,2,2.322866,48.878890000000006,EUROPE_METRO_L3
429,18,2.322971,48.892748,CAPITAINE_LAGACHE
430,27,2.3230419999999996,48.881307,EUROPE_BIS
431,4,2.323085,48.87587,ROCHER_LABORDE
432,2,2.323139,48.874306,MM_RBS_PROVISOIRE_2011
433,21,2.323165,48.828955,MOULIN_VERT
434,27,2.323163,48.836083,VERCINGETORIX_EU
435,4,2.3231759999999997,48.840558,GASTON_BATY
436,4,2.323269,48.849841999999995,SEVRES_GREGOIRE
437,4,2.3233580000000003,48.872572,PASQUIER
438,25,2.3235,48.850714,RUE_DU_BAC
439,27,2.323496,48.866065,CONCORDE_METRO_L1
440,4,2.323511,48.86105,MM_CDC_QUAI_ANATOLE_FRANCE
441,21,2.323697,48.880076,EUROPE
442,4,2.323757,48.85803,ST_GERMAIN_VILLERSEXEL
443,4,2.3237810000000003,48.87055,MADELEINE_TRONCHET_BIS
444,27,2.323872,48.834258,ALESIA_MAINE
445,4,2.3239970000000003,48.823725,BRUNE
446,27,2.324052,48.87578,ST_LAZARE_METRO_L14
447,4,2.3241259999999997,48.851684999999996,BAC_BABYLONE
448,27,2.3241959999999997,48.845439,ST_PLACIDE
449,4,2.32423,48.873345,MATHURINS_ARCADE
450,5,2.324331,48.851155,BON_MARCHE_1_INDOOR
451,21,2.324399,48.851424,RUE_DU_BAC_PROV
452,2,2.324523,48.843336,MONTPARNASSE_METRO_L4
453,4,2.324782,48.843776,PLACE_JUIN
454,4,2.3248290000000003,48.87232,CASTELLANE
455,3,2.3248599999999997,48.857581,VIP_GOUV_246_ST_GERMAIN
456,54,2.325037,48.860286,RERC_M_ORSAY
457,18,2.325031,48.884570000000004,RUE_LEMERCIER
458,18,2.325063,48.865534999999994,CONCORDE_METRO_L8
459,2,2.325096,48.841089000000004,EDGAR_QUINET_METRO_L6
460,27,2.325085,48.887994,LA_FOURCHE
461,44,2.325224,48.873794000000004,MATHURINS
462,7,2.3252639999999998,48.876526,SAINT_LAZARE_INDOOR
463,4,2.32528,48.869803999999995,AGENCE_FT_MADELEINE_PDV1
464,4,2.325399,48.823671000000004,GENERAL_LECLERC_BIS
465,2,2.325398,48.887778000000004,LA_FOURCHE_METRO_L13
466,3,2.325418,48.858956,MM_MAISON_POLYTECHNICIENS_2012_EVENT
467,2,2.3254669999999997,48.822772,PORTE_D_ORLEANS_METRO_L4
468,4,2.325542,48.853528000000004,VARENNE_PLANCHE
469,4,2.3256799999999997,48.845601,RENNES
470,2,2.325705,48.855774,RUE_DU_BAC_METRO_L12
471,33,2.325749,48.841997,ODESSA
472,27,2.325743,48.8701,MADELEINE_METRO_L8_L12
473,3,2.325803,48.845825,FNAC_MONTPARNASSE_PDV1
474,2,2.32602,48.846346999999994,AGENCE_FT_PARIS_RUE_RENNES_PDV1
475,1,2.326015,48.869399,CONF_PRESSE_VENTILO_MADELEINE_EVENT
476,27,2.326046,48.855271,MUSEE_MAILLOL
477,4,2.326181,48.859046,POITIERS
478,7,2.326288,48.870568,MADELEINE_METRO_L14
479,1,2.326436,48.87578,ST_LAZARE_METRO_L13
480,27,2.326533,48.868140999999994,CHANEL
481,2,2.326578,48.851568,SEVRES_BABYLONE_METRO_L10_12
482,4,2.326777,48.873938,HAUSSMANN_TRONCHET
483,4,2.326874,48.866281,MONT_THABOR
484,2,2.326871,48.883707,PLACE_DE_CLICHY_METRO_L2_13
485,1,2.326899,48.879528,LIEGE_METRO_L13
486,18,2.326917,48.858983,MUSEE_D'ORSAY_BIS
487,7,2.326936,48.828336,ALESIA_METRO_L4
488,2,2.3269279999999997,48.869615,MM_CULTURE_HALL_2010_EVENT
489,27,2.326946,48.849618,RENNES_CHERCHE_MIDI
490,4,2.326981,48.875349,FNAC_ST_LAZARE_PDV1
491,24,2.326978,48.890969,RUE_ETEX
492,4,2.326998,48.858111,MUSEE_ANATOMIE
493,4,2.326995,48.87614,AGENCE_ORANGE_AMSTERDAM
494,35,2.327117,48.876338,SAINT_LAZARE
495,2,2.327146,48.868842,OSM_EURONEXT_PARIS_INDOOR
496,4,2.3271740000000003,48.866873999999996,OSM_MANDARIN_ORIENTAL
497,4,2.327173,48.868564,CAMBON
498,2,2.327259,48.851137,LUTETIA_INDOOR
499,4,2.327279,48.88404,"AGENCE_ORANGE_PARIS_CLICHY, PLACE_CLICHY_MICRO"
500,4,2.3274310000000002,48.877884,LONDRES
501,27,2.327499,48.875797999999996,ST_LAZARE_METRO_L12
502,18,2.327605,48.892891999999996,GUY_MOQUET_METRO_L13
503,4,2.327652,48.857392,BAC_UNIVERSITE
504,2,2.3276950000000003,48.848099,RENNES_METRO_L12
505,4,2.327731,48.872626000000004,MAUROY_SEZE_BIS
506,4,2.327794,48.829046000000005,LECLERC_ALESIA
507,21,2.327814,48.869292,"MM_MARIE_CLAIRE_2016_EVENT, MM_MARIE_CLAIRE_2015_EVENT, MM_MARIE_CLAIRE_2017_EVENT, MM_MARIE_CLAIRE_2014_EVENT, MM_MARIE_CLAIRE_2013_EVENT"
508,4,2.327857,48.853671999999996,GRENELLE_ST_GUILLAUME
509,30,2.327854,48.870604,"RUE_DE_SEZE_BIS_PROVISOIRE, RUE_DE_SEZE_BIS"
510,2,2.327978,48.865787,MM_HOTEL_MEURICE_EVENT_2013
511,4,2.328018,48.871062,EDOUARD_VII_BIS
512,3,2.328088,48.857428000000006,MUSEE_D_ORSAY
513,6,2.328127,48.866506,TUILERIES
514,4,2.328166,48.881964,BALLU_CLICHY
515,4,2.3281959999999997,48.865390999999995,OSM_HOTEL_MEURICE_PARIS_INDOOR
516,4,2.3282380000000003,48.8591,MM_CAISSE_DES_DEPOTS
517,1,2.328231,48.895813000000004,MGC_DARTY_SAINT_OUEN_PDV3
518,3,2.328277,48.867476,OSM_CLIFFORD_CHANCE_PARIS_INDOOR
519,5,2.328331,48.870208,OLYMPIA_PARIS_INDOOR
520,27,2.3284,48.866245,TUILERIES_BIS
521,14,2.3284119999999997,48.874756,EOLE_HAUSSMANN_INDOOR
522,3,2.328441,48.867323,OSM_POTEL_CHABOT_PARIS_IND
523,21,2.32844,48.873721999999994,HAVRE_CAUMARTIN_METRO_L3
524,18,2.328465,48.885127000000004,PLACE_PIGALLE_BIS
525,2,2.328507,48.875304,THE_PHONE_HOUSE_CAUMARTIN_PDV2
526,3,2.328536,48.870289,MM_OLYMPIA_2012_EVENT
527,27,2.328611,48.825226,MONTSOURIS
528,4,2.328608,48.844513,RASPAIL_STANISLAS
529,4,2.328645,48.865373,"MM_HOTEL_MEURICE_EVENT, MM_MEURICE_2011_EVENT"
530,27,2.328668,48.893144,GUY_MOQUET_EU
531,2,2.328695,48.897494,PORTE_DE_ST_OUEN_METRO_L13
532,2,2.3288759999999997,48.868043,MM_RITZ_2012_EVENT
533,1,2.328921,48.844873,N_D_DES_CHAMPS_METRO_L12
534,1,2.328945,48.868456,HOTEL_D_EVREUX_DEMO_INDOOR
535,2,2.3289619999999998,48.842051,VAVIN_METRO_L4
536,27,2.3290029999999997,48.846437,EHESS
537,12,2.329024,48.883519,PLACE_PIGALLE
538,4,2.329039,48.87392,PRINTEMPS_1_INDOOR
539,27,2.329328,48.852162,CHAISE_RECAMIER
540,3,2.329421,48.870011,MADELEINE_CAPUCINES
541,27,2.329456,48.822125,PORTE_D_ORLEANS
542,2,2.329495,48.831086,MOUTON_DUVERNET_METRO_L4
543,17,2.329617,48.831994,MOUTON_DUVERNET
544,2,2.3296799999999998,48.870595,SCRIBE_INDOOR
545,8,2.329694,48.86949,GECINA_VOLNEY
546,3,2.329918,48.824534,OSM_DIRECTIQUE_PARIS_INDOOR
547,4,2.3299790000000002,48.873183000000004,GALERIES_LAFAYETTE_MAISON_INDOOR
548,19,2.3299939999999997,48.864484000000004,TUILERIES_METRO_L1
549,10,2.330047,48.876931,OSM_GOOGLE_PARIS_LONDRES_INDOOR
550,2,2.330076,48.864187,MM_EG8_TUILERIES_2011_EVENT
551,27,2.330108,48.829351,AVENUE_DU_GENERAL_LECLERC
552,27,2.330101,48.879554999999996,SQUARE_MONCEY
553,4,2.330145,48.856889,ENA_UNIVERSITE
554,4,2.3301580000000004,48.859118,SEINE_ROYAL
555,4,2.330186,48.85839,LILLE
556,1,2.3302389999999997,48.86949,OSM_CREDIT_FONCIER_VOLNEY
557,4,2.330269,48.844217,DAME_BEUVE
558,4,2.3302970000000003,48.842087,CHAUMIERE
559,4,2.3304869999999998,48.842905,CHAPLAIN
560,2,2.330515,48.838977,RASPAIL_METRO_L4
561,5,2.330511,48.86886,HOTEL_HYATT_INDOOR
562,18,2.330525,48.869831,OPERA_GARNIER
563,27,2.330521,48.896649,LEIBNITZ
564,27,2.330702,48.864861,COMEDIE_FRANCAISE_BIS
565,4,2.3307860000000002,48.8504,MEZIERES_CASSETTE
566,4,2.3307830000000003,48.871196999999995,GRAND_HOTEL_INTERCONTINENTAL
567,27,2.330879,48.871763,AUBER_RER_A
568,7,2.330922,48.851541999999995,ST_SULPICE_METRO_L4
569,8,2.3309330000000004,48.869867,"MM_INTEL_VENDOME_EVENT, MM_TROPHEES_BEAUTE_2012_EVENT, MM_PAVILLON_VENDOME_EVENT_2014"
570,27,2.3310869999999997,48.840109999999996,CAMPAGNE_PREMIERE
571,3,2.331235,48.851488,RENNES_COLOMBIERS
572,4,2.331233,48.873435,HAUSSMANN_OPERA
573,4,2.331344,48.849331,BOSSUET_MICRO
574,27,2.331441,48.838177,CIMETIERE_MONTPARNASSE
575,4,2.331532,48.876113000000004,ESTIENNE_D_ORVES
576,10,2.331573,48.872617,MM_MONDE_GARNIER_2016_EVENT
577,4,2.331589,48.857213,VERNEUIL
578,22,2.3316529999999998,48.893215999999995,GUY_MOQUET
579,4,2.331697,48.865068,ST_HONORE_SOURDIERE
580,3,2.3317229999999998,48.878926,OSM_INTERIALE_PARIS09_IND
581,21,2.331862,48.849268,SENAT_BONAPARTE
582,34,2.331875,48.855540999999995,FAC_DE_MED
583,4,2.331928,48.866425,MARCHE_ST_HONORE
584,7,2.331972,48.834196,DENFERT_METRO_L4
585,5,2.331982,48.873624,GALERIES_LAFAYETTE_MAG1A_INDOOR
586,27,2.33205,48.873965000000005,HAVRE_CAUMARTIN
587,21,2.332067,48.841440000000006,MONTPARNASSE_BIS
588,7,2.332173,48.870874,OPERA_METRO_L7
589,27,2.332217,48.836146,DENFERT_ROCHEREAU
590,5,2.332241,48.870011,OPERA_BIS
591,4,2.3322580000000004,48.841242,MONTPARNASSE_EPSS
592,9,2.332353,48.84073,MONTPARNASSE
593,3,2.332463,48.827536,TOMBE_ISSOIRE
594,1,2.332486,48.876571999999996,TRINITE_E_D_ORVES_METRO_L12
595,4,2.3325139999999998,48.869669,OPERA_LOUIS_LE_GRAND
596,2,2.332541,48.863801,REGINA_INDOOR
597,4,2.332718,48.868196000000005,DANIELLE_CASANOVA
598,12,2.332745,48.87845,AUMALE
599,27,2.332855,48.864286,COMEDIE_FRANCAISE
600,27,2.332909,48.868187,RUE_D_ANTIN
601,1,2.332908,48.873139,CHAUSSEE_D_ANTIN_METRO_L7_L9
602,2,2.33295,48.861940000000004,PARKING_CARROUSEL_INDOOR
603,7,2.332948,48.883878,BLANCHE_METRO_L2
604,8,2.3331009999999996,48.849178,OSM_SENAT_BONAPARTE_INDOOR
605,11,2.333113,48.871907,MEGASTORE_ORANGE_OPERA
606,27,2.333112,48.886557,CIMETIERE_MONTMARTRE
607,4,2.333195,48.873498,GALERIES_LAFAYETTE_MAG2_INDOOR
608,4,2.3333720000000002,48.865994,ARGENTEUIL_PARIS
609,7,2.333456,48.833055,DENFERT_RER_B
610,39,2.333453,48.883905,"BLANCHE, BLANCHE_PROV"
611,27,2.333494,48.882081,RUE_CHAPTAL
612,26,2.333538,48.834214,DENFERT_ST_JACQUES
613,3,2.333644,48.876473,TRINITE
614,5,2.3338490000000003,48.872679999999995,AGENCE_FT1_PARIS_HAUSSMANN
615,16,2.333876,48.866048,PYRAMIDES_METRO_L14
616,21,2.334029,48.822081,PARC_MONTSOURIS
617,4,2.334123,48.833225,CNCE
618,4,2.334121,48.865840999999996,OPERA_SAINT_ROCH_BIS
619,3,2.334121,48.875223999999996,OSM_LA_BANQUE_POSTALE_VICTOIRE_IND
620,1,2.33419,48.859837,TPIM_TUILERIES
621,2,2.33419,48.861581,APPLE_CARROUSSEL_EVENT
622,9,2.334285,48.861536,"CARROUSSEL_DU_LOUVRE_INDOOR, CARROUSEL_DU_LOUVRE_BACK_UP_2016"
623,4,2.3345990000000003,48.851901,GUISARDE
624,2,2.3345990000000003,48.856997,ECOLE_DES_BEAUX_ARTS_EVENT
625,3,2.334625,48.876203000000004,OSM_GROUPAMA_SOCO_IND
626,4,2.334653,48.869337,GAILLON_BIS
627,4,2.33468,48.871206,ITALIENS_ANTIN
628,4,2.33487,48.879385,ROCHEFOUCAULT
629,4,2.334884,48.880275,BAPTISTE
630,18,2.3350470000000003,48.875412,TRINITE_BIS
631,2,2.335143,48.873013,MM_CLUB_HAUSSMANN_2011_EVENT
632,4,2.335184,48.856413,BEAUX_ARTS
633,4,2.335279,48.868151,MARSOLLIER
634,3,2.335306,48.883132,CLICHY_FROMENTIN
635,2,2.335375,48.867548,MM_ESPACE_CINKO_2012_EVENT
636,6,2.335566,48.859586,TPIM_TUILERIES_BIS
637,4,2.33562,48.853348,SAINT_GERMAIN
638,1,2.335634,48.852998,MABILLON_METRO_L10
639,27,2.335771,48.827563,AVENUE_REILLE
640,4,2.335783,48.869723,QUATRE_SEPTEMBRE_CHOISEUL
641,12,2.335852,48.860997,"MM_LOUVRE_SUEZ_EVENT_2013, MM_LOUVRES_SUEZ_2010_EVENT, MM_LOUVRE_SUEZ_EVENT_2014, MM_LOUVRE_SUEZ_2011_EVENT"
642,1,2.335906,48.869597999999996,QUATRE_SEPTEMBRE_METRO_L3
643,4,2.336029,48.866964,PETITS_CHAMPS_STE_ANNE
644,4,2.336137,48.889441,CAULAINCOURT_BIS
645,15,2.336178,48.891428000000005,DAMREMONT
646,27,2.336533,48.862516,PALAIS_ROYAL_METRO_L1
647,4,2.336601,48.886134000000006,DURANTIN_MICRO
648,18,2.3366830000000003,48.854418,HOTEL_DES_MONNAIES
649,18,2.3368189999999998,48.848531,PALAIS_DU_LUXEMBOURG
650,4,2.3368729999999998,48.865697,RICHELIEU_THERESE
651,6,2.3369,48.871844,OPERA_HANOVRE_BIS_PROVISOIRE
652,18,2.336941,48.871844,BNP_OPERA_HANOVRE
653,18,2.33701,48.83984,PORT_ROYAL_RER_B
654,31,2.337159,48.873534,"LAFFITTE, LAFFITTE_NODE_B_2"
655,3,2.3372,48.872932,OSM_FIGARO_PARIS_INDOOR
656,4,2.3373909999999998,48.865930999999996,MONTPENSIER
657,27,2.337432,48.85112,LOBINEAU
658,27,2.337432,48.867234,VILLEDO
659,1,2.33765,48.853654,THE_PHONE_HOUSE_BUCI_PDV2
660,2,2.337718,48.878423,ST_GEORGES_METRO_L12
661,15,2.337759,48.869193,OPERA_EU
662,4,2.337854,48.854903,MAZARINE_BIS
663,1,2.337868,48.879556,PARIS_NAV_TEST
664,27,2.33814,48.830574,HOPITAL_STE_ANNE
665,18,2.338141,48.887634999999996,MOULIN_DE_LA_GALETTE
666,2,2.3381540000000003,48.862093,LOUVRE_ANTIQUAIRES_INDOOR
667,3,2.338181,48.863657,VALOIS_JOURNEE_FEMME_EVENT_2013
668,27,2.338345,48.879915000000004,ST_GEORGES_NAVARIN
669,2,2.338359,48.884534,ABBESSES_METRO_L12
670,4,2.338371,48.820373,CITE_U_JOURDAN
671,4,2.338372,48.885919,GABRIELLE
672,3,2.338439,48.843103,SAINT_MICHEL_LUXEMBOURG
673,27,2.338468,48.897602,BLD_NEY
674,3,2.338549,48.871925,OSM_BNP_ITALIENS_PROVISOIRE
675,1,2.338563,48.868465,ATELIER_RICHELIEU_INDOOR_EVENEMENT
676,27,2.338616,48.841215000000005,LYCEE_LAVOISIER_BIS
677,7,2.338699,48.889882,LAMARCK_CAULAINCOURT_METRO_L12
678,2,2.338726,48.876086,N_D_DE_LORETTE_METRO_L12
679,4,2.338767,48.883995,ABBESSES_MICRO
680,4,2.338807,48.851847,CARREFOUR_DE_L_ODEON
681,27,2.338834,48.83798,BAUDELOCQUE
682,4,2.338876,48.869445,RICHELIEU_BOURSE
683,4,2.33889,48.885505,SQUARE_WILLETTE_2_MB
684,3,2.338902,48.844442,SENAT
685,16,2.338942,48.820571,CITE_U_RER_B
686,27,2.3389439999999997,48.862462,CROIX_DES_PETITS_CHAMPS
687,15,2.339093,48.844595,SENAT_INDOOR
688,10,2.339107,48.856701,SEINE_CONTI
689,4,2.3394060000000003,48.831804999999996,SOFITEL_SAINT_JACQUES_INDOOR
690,7,2.3394470000000003,48.84437,LUXEMBOURG_RER_B
691,2,2.339529,48.852072,ODEON_METRO_L4
692,4,2.339543,48.854589000000004,CHRISTINE
693,4,2.339598,48.873094,CHAUCHAT_ROSSINI
694,4,2.339665,48.85236,ST_GERMAIN_ODEON
695,4,2.33968,48.884364,VIEUVILLE_MICRO
696,4,2.339775,48.878440999999995,MARTYRS_CHORON
697,27,2.339789,48.871826,RICHELIEU_DROUOT_METRO_L8_L9
698,2,2.3399240000000003,48.849978,PRINCE
699,4,2.3399240000000003,48.852342,AGENCE_FT_ODEON_PDV1
700,18,2.33995,48.836443,CASSINI_PROV
701,4,2.339953,48.89318,ORDENER_RUISSEAU
702,3,2.339993,48.866371,BANQUE
703,4,2.340034,48.871817,MONTMARTRE_RICHELIEU
704,2,2.34017,48.862992,MM_LABORATOIRE_2010_PARIS_EVENT
705,27,2.34021,48.844774,ECOLE_DES_MINES
706,2,2.340225,48.874981,LE_PELETIER_METRO_L7
707,3,2.340388,48.871602,OSM_GEREC_ALTAREA_PARIS_INDOOR
708,11,2.340389,48.886934000000004,PLACE_DU_TERTRE_RE
709,4,2.3405110000000002,48.870442,VIVIENNE_ST_MARC_BIS
710,4,2.340593,48.87321,GRANGE_BATELIERE
711,4,2.340605,48.854921000000004,HOTEL_DES_MONNAIES_1_MB
712,4,2.3407139999999997,48.848172,PRINCE_BIS
713,4,2.3407139999999997,48.853446999999996,HOTEL_DES_MONNAIES_2_MB
714,32,2.3407419999999997,48.868169,FEYDEAU_BIS
715,1,2.340769,48.868843,BOURSE_METRO_L3
716,3,2.340921,48.88564,SQUARE_WILLETTE_3_MB
717,27,2.340948,48.885532,SQUARE_WILLETTE
718,4,2.341001,48.860735999999996,LOUVRE_RIVOLI_METRO_L1
719,4,2.341139,48.894537,POTEAU_RUISSEAU
720,2,2.341205,48.869238,MM_PALAIS_BRONGNIART_EVENT_2012
721,4,2.3412450000000002,48.846158,GAY_LUSSAC_BIS
722,4,2.3412990000000002,48.85085,ECOLE_DE_MEDECINE
723,3,2.341383,48.869858,FEYDEAU
724,27,2.341411,48.882737,TARDIEU
725,27,2.341544,48.842581,RUE_DES_FEUILLANTINES
726,32,2.3415470000000003,48.875493,NOTRE_DAME_DE_LORETTE
727,27,2.341679,48.83345,AUGUSTE_BLANQUI
728,7,2.341736,48.858579,PONT_NEUF_METRO_L7
729,4,2.3417380000000003,48.887078,CHEVALIER_BARRE
730,33,2.3418069999999997,48.891832,RUE_MONTMARTRE
731,4,2.341832,48.86647,RUE_DU_MAIL
732,4,2.342009,48.865994,VICTOIRES
733,4,2.342202,48.889171999999995,LAMARCK_CENIS
734,27,2.342213,48.86114,QUAI_LOUVRE
735,27,2.342568,48.871026,GRANDS_BOULEVARDS_METRO_L8_L9
736,3,2.342663,48.864349,LOUVRE
737,27,2.3427290000000003,48.851695,CLUNY_LA_SORBONNE
738,18,2.342748,48.894870000000004,PLACE_ALBERT_KAHN
739,1,2.3427569999999998,48.853106,SAINT_MICHEL_METRO_L4
740,4,2.342895,48.873489,MONTMARTRE_VERDEAU
741,4,2.342909,48.870784,MONTMARTRE_UZES
742,3,2.343032,48.875682,CADET_2
743,12,2.343033,48.882853999999995,"MM_INROCKSLAB_TRIANON_EVENT_2015, MM_SOSH_TRIANON_EVENT_2015, MM_ORANGE_ROCKCORPS_2014"
744,4,2.3430419999999996,48.846976,PANTHEON_1_MB
745,27,2.3430459999999997,48.879466,LA_FAYETTE
746,3,2.34306,48.882845,MM_ORANGE_ROCKCORPS
747,33,2.343099,48.864277,RIVOLI
748,5,2.343099,48.868672,OSM_NATIXIS_MONTMARTRE_INDOOR
749,4,2.3431,48.87508,CADET_RICHER
750,21,2.34326,48.847021000000005,MAIRIE_DU_5_EME
751,4,2.343355,48.841907,RUE_DES_URSULINES
752,1,2.343384,48.862417,FT_ESPACE_ENTREPRISE_MULTIMEDIA_UMTS
753,4,2.343412,48.868887,VIP_CLUB_142_INDOOR
754,4,2.343454,48.874001,RICHER_SAULNIER
755,1,2.343492,48.851425,CLUNY_LA_SORBONNE_METRO_L10
756,27,2.343543,48.820894,CITE_UNIVERSITAIRE
757,4,2.3435610000000002,48.861221,SAINT_HONORE_ROULE
758,4,2.343784,48.89575,CHAMPIONNET_LETORT_BIS
759,10,2.3437919999999997,48.853852,SEINE_ST_MICHEL
760,18,2.343811,48.899094,FRANCIS_DE_CROISSET
761,2,2.344081,48.876032,CADET_METRO_L7
762,4,2.3441919999999996,48.888065999999995,LAMARCK_ALBERT
763,2,2.344245,48.882728,ANVERS_METRO_L2
764,3,2.344271,48.868177,RUE_DE_MULHOUSE_BIS
765,3,2.344328,48.88661,SQUARE_WILLETTE_1_MB
766,1,2.344547,48.89735,PORTE_CLIGNANCOURT_METRO_L4
767,24,2.344585,48.872959,BOULE_ROUGE
768,2,2.3446279999999997,48.892551,JULES_JOFFRIN_METRO_L12
769,4,2.3451009999999997,48.864834,ROUSSEAU_MONTMARTRE
770,25,2.345221,48.844118,ESTRAPADE_EU
771,24,2.345291,48.859594,SAMARITAINE
772,1,2.34539,48.883348,MGC_DARTY_MONTMARTRE_PDV3
773,4,2.345426,48.853025,HUCHETTE
774,27,2.345504,48.826097999999995,BARRAULT
775,4,2.3455150000000002,48.896307,ORNANO_KHAN
776,3,2.345593,48.871269,POISSONNIERE_ROUGEMONT
777,1,2.345632,48.861895000000004,AGENCE_FT_PARIS_LES_HALLES_PDV1
778,5,2.345688,48.870343,MM_HALL_STREET_EVENT_2014_LTE
779,4,2.345701,48.866056,BACHAUMONT
780,21,2.345709,48.831005,GLACIERE
781,3,2.345742,48.870424,MM_LOUNGE_INNOVATION_2012_EVENT
782,27,2.345752,48.848648,LUXEMBOURG
783,4,2.345841,48.892154999999995,ORDENER_JOFFRIN_BIS
784,1,2.3458639999999997,48.867476,SENTIER_METRO_L3
785,4,2.345933,48.869184000000004,SENTIER
786,25,2.346045,48.88839,CUSTINE
787,4,2.346071,48.878737,MAUBEUGE_AUVERGNE
788,36,2.346435,48.860331,CHATELET_METRO_L14
789,24,2.346244,48.854175,HOTEL_DIEU
790,4,2.3463119999999997,48.855128,CITE_LUTECE
791,36,2.346435,48.860331,CHATELET_METRO_L14
792,15,2.346436,48.862111,CC_FORUM_DES_HALLES_INDOOR
793,27,2.3464490000000002,48.860223,CHATELET_METRO_L7_L11
794,9,2.346517,48.857788,"MM_NUIT_DE_LA_VOIX_EVENT_2015, MM_NUIT_VOIX_2014_EVENT"
795,27,2.3466110000000002,48.853213000000004,SAINT_MICHEL_RER_B
796,27,2.346644,48.882961,RUE_CONDORCET
797,4,2.3466869999999997,48.820067,CENTRAL_FT_MONTSOURIS_PARIS_INDOOR
798,12,2.346791,48.867332,CITE_MONTMARTRE
799,24,2.346926,48.859693,CHATELET_METRO_L1
800,2,2.346953,48.861616,MGC_DARTY_FORUM_PDV1
801,4,2.347172,48.866271999999995,MONTORGUEIL
802,1,2.347186,48.866002,BOUTIQUE_SDR_ST_EUSTACHE_PDV1
803,2,2.347197,48.855171999999996,CITE_METRO_L4
804,27,2.347307,48.861733,CHATELET_LES_HALLES_RER_A
805,2,2.347321,48.861374,THE_PHONE_HOUSE_FORUM_PDV1
806,33,2.3474459999999997,48.872302000000005,PROVENCE_POISSONNIERES
807,21,2.347544,48.889109000000005,CUSTINE_EU
808,2,2.347545,48.893845,SIMPLON_METRO_L4
809,27,2.347644,48.843641,ESTRAPADE
810,27,2.3476939999999997,48.885684000000005,ROCHECHOUART
811,4,2.347727,48.850390999999995,ST_GERMAIN_MUTUALITE
812,5,2.347745,48.870433,"MM_REX_NAC_2011_EVENT, MM_REX_VOIX_2013_EVENT"
813,27,2.347752,48.83744,BLD_PORT_ROYAL
814,24,2.347799,48.870540999999996,BONNE_NOUVELLE_METRO_L8_L9
815,4,2.347852,48.86123,FNAC_FORUM_PDV1
816,4,2.347881,48.869867,BONNE_NOUVELLE_BIS
817,27,2.347901,48.834284999999994,LES_GOBELINS
818,18,2.347975,48.862559999999995,LA_PETITE_TRUANDERIE
819,2,2.348068,48.850291999999996,MAUBERT_MUTUALITE_METRO_L10
820,27,2.3481959999999997,48.876346999999996,POISSONNIERE
821,4,2.3483330000000002,48.879115000000006,SEMARD_CONDORCET
822,4,2.348346,48.879798,OSM_GDF_SUEZ_PARIS_INDOOR
823,27,2.348434,48.841826,MONGE
824,7,2.348861,48.863719,ETIENNE_MARCEL_METRO_L4
825,4,2.3488740000000004,48.863962,ETIENNE_MARCEL
826,1,2.348928,48.859387,BOUTIQUE_SDR_SEBASTOPOL_PDV1
827,12,2.349038,48.8662,RUE_GRENETA
828,2,2.349163,48.877362,POISSONNIERE_METRO_L7
829,4,2.349319,48.844324,MOUFFETARD_CONTRESCARPE
830,27,2.349437,48.824606,STADE_CHARLETY
831,4,2.349541,48.860583,BERGER
832,4,2.349622,48.859378,EDMOND_MICHELET_BIS
833,2,2.349643,48.887176000000004,CHATEAU_ROUGE_METRO_L4
834,1,2.3496490000000003,48.856817,PARKING_HOTEL_DE_VILLE_INDOOR
835,3,2.34965,48.862515,LA_GRANDE_TRUANDERIE
836,27,2.349652,48.868501,PASSAGE_DE_CLERY
837,1,2.349725,48.890392999999996,MARCADET_METRO_L4
838,4,2.349748,48.870154,BONNE_NOUVELLE
839,3,2.349968,48.881478,OSM_TEXTUEL_LAMINE_PARIS_INDOOR
840,7,2.349996,48.883734000000004,BARBES_METRO_L4
841,4,2.350075,48.872329,HAUTEVILLE
842,5,2.350495,48.862955,SEBASTOPOL_TRUANDERIE_BIS
843,4,2.350521,48.857698,RIVOLI_ST_JACQUES
844,4,2.350563,48.860933,QUINCAMPOIX_MICRO
845,45,2.3506139999999998,48.8488,"MM_MAISON_MUTUAL_EVT_2013_BKP_S2, MM_MAISON_MUTUALITE_EVENT_2013_BKUP, OSM_MUTUALITE_INDOOR, PARADIS_LATIN"
846,4,2.3507689999999997,48.870585,OSM_FT_BONNES_NOUVELLES_PARIS
847,27,2.350773,48.830627,CORVISART
848,15,2.3508430000000002,48.891903000000006,MARCADET_POISSONNIERS
849,16,2.350984,48.85714,PARIS_HOTEL_DE_VILLE
850,4,2.3510590000000002,48.881712,MAGENTA_ROCROY
851,15,2.351069,48.817091999999995,GENTILLY
852,4,2.35133,48.876643,HAUTEVILLE_MESSAGERIES
853,2,2.351456,48.84037,CENSIER_DAUBENTON_METRO_L7
854,27,2.351563,48.88297,LARIBOISIERE
855,2,2.351652,48.860043,MM_MAISON_CONNECTEE_BEAUBOURG_EVENT
856,4,2.3516619999999997,48.846176,CARDINAL_LEMOINE
857,2,2.3516619999999997,48.846823,CARDINAL_LEMOINE_METRO_L10
858,1,2.3517349999999997,48.863081,OURS
859,5,2.3517639999999997,48.821837,OSM_MUTUELLE_GENERALE_PARIS13_IND
860,18,2.3518790000000003,48.893305,RUE_BOINOD
861,2,2.3519200000000002,48.842940000000006,PLACE_MONGE_METRO_L7
862,27,2.351946,48.889468,CHATEAU_ROUGE
863,27,2.352099,48.89752,ORNANO
864,27,2.352252,48.863261,LA_GRANDE_TRUANDERIE_BIS
865,27,2.3522529999999997,48.866092,REAUMUR_METRO_L4
866,9,2.352291,48.857248,HOTEL_DE_VILLE_METRO_L1
867,4,2.352328,48.843425,PLACE_MONGE_BIS
868,24,2.352633,48.860501,CENTRE_POMPIDOU
869,18,2.3527169999999997,48.869507,STRASBOURG_METRO_L4
870,1,2.352718,48.871942,QG_UMP_ENGHIEN_EVENT
871,2,2.352837,48.860582,MM_CENTRE_POMPIDOU_2010_EVENT
872,10,2.35285,48.856637,MM_FEMMES_EN_OR_EVENT_2016
873,22,2.3529310000000003,48.85634,"MM_MAIRIE_GBA_2015_EVENT, MM_MAIRIE_PARIS_GBA_2014_EVENT, MM_MAIRIE_PARIS_GBA_2013_EVENT"
874,27,2.352977,48.826484,MAISON_BLANCHE
875,27,2.353032,48.875079,RUE_DE_PARADIS
876,27,2.353034,48.88013,RUE_DE_COMPIEGNE
877,18,2.3530580000000003,48.869704,STRASBOURG_METRO_L8
878,27,2.353221,48.869327,PORTE_SAINT_DENIS
879,15,2.353225,48.837511,BLD_ST_MARCEL
880,2,2.353328,48.861328,RAMBUTEAU_METRO_L11
881,4,2.35336,48.876785999999996,CHABROL
882,4,2.3533880000000003,48.835112,CROULEBARBE
883,15,2.353548,48.866765,"MM_GAITE_LYRIQUE_EVENT_2015, MM_GAITE_LYRIQUE_EVENT_2016, MM_GAITE_LYRIQUE_EVENT_2014"
884,21,2.3536330000000003,48.877541,PETITS_HOTELS
885,32,2.3538200000000002,48.866523,REAUMUR_SEBASTOPOL
886,5,2.353954,48.859351000000004,TEMPLE_PLATRE
887,15,2.35398,48.857535,BHV_ST_GERVAIS
888,4,2.354244,48.872724,ST_DENIS_ENGHIEN_BIS
889,24,2.354356,48.879824,GARE_DU_NORD_METRO_L4
890,4,2.3545119999999997,48.85856,OSM_GALERIE LAFAYETTE_PARIS 4
891,6,2.354652,48.829287,CC_ITALIE_II_1_INDOOR
892,3,2.354673,48.852484000000004,SAINT_LOUIS_EN_L_ILE
893,3,2.354691,48.863817,BEAUBOURG_CHAPON
894,2,2.354753,48.845834,JUSSIEU_METRO_L7_10
895,27,2.354876,48.84729,"OSM_UNIVERSITE_PARIS_VI, UNIVERSITE_PARIS_VI"
896,3,2.355051,48.880588,GARE_DU_NORD_INDOOR
897,29,2.3551729999999997,48.880722999999996,GARE_DU_NORD_INDOOR_BIS
898,4,2.355427,48.864141,GRAVILLIERS_BIS
899,3,2.355595,48.840835999999996,MUSEUM
900,4,2.356013,48.865606,TURBIGO
901,4,2.356064,48.856457,RIVOLI_TEMPLE
902,4,2.356076,48.851361,SAINT_LOUIS_MICRO
903,3,2.356087,48.845231,LUTECE
904,24,2.356118,48.854713000000004,LOUIS_PHILIPPE
905,4,2.35616,48.859503000000004,ARCHIVES
906,4,2.356179,48.872535,STRASBOURG_ECURIE
907,1,2.3561900000000002,48.865291,ARTS_ET_METIERS_METRO_L11_L3
908,4,2.356255,48.858191,BRETONNERIE
909,4,2.3563549999999998,48.869246000000004,PORTE_SAINT_MARTIN_BIS
910,4,2.3563709999999998,48.875689,MAGENTA_ST_DENIS
911,18,2.3563669999999997,48.827849,AVENUE_ITALIE
912,27,2.356468,48.881405,GARE_DU_NORD_METRO_L5
913,7,2.356531,48.831022,PLACE_D_ITALIE_METRO_L5_6
914,4,2.356543,48.861588,TEMPLE_BRAQUE
915,27,2.3565509999999996,48.885197999999995,SQUARE_LEON
916,3,2.356695,48.868660999999996,PORTE_ST_MARTIN
917,7,2.3569240000000002,48.826294,TOLBIAC_METRO_L7
918,21,2.357104,48.834346999999994,MAIRIE_DU_13EME
919,21,2.357141,48.823805,MOULIN_DE_LA_POINTE
920,4,2.3573720000000002,48.857265000000005,TEMPLE_TRESOR
921,26,2.357382,48.848655,JUSSIEU
922,2,2.357452,48.853778000000005,PONT_MARIE_METRO_L7
923,2,2.357481,48.858721,MM_SAUVAGET_SOSH_2011_EVENT
924,4,2.357584,48.876651,ALSACE_NOVEMBRE
925,24,2.357815,48.876139,GARE_DE_L_EST_METRO_L5
926,4,2.357852,48.867088,VERTBOIS
927,3,2.357952,48.877684,MAGENTA
928,5,2.3579849999999998,48.823166,AVENUE_ITALIE
929,27,2.358191,48.862424,HAUDRIETTES
930,27,2.358278,48.87408,RECOLLETS
931,3,2.358293,48.879581,LAFAYETTE_DUNKERQUE
932,1,2.3582970000000003,48.8558,AG_FT_PARIS_ST_PAUL_LE_MARAIS_PDV1
933,27,2.358508,48.870908,RUE_DU_CHATEAU
934,27,2.358508,48.837915,PARIS_VI_CHU
935,14,2.358635,48.880875,EOLE_MAGENTA_INDOOR
936,7,2.35866,48.876642,GARE_DE_L_EST_METRO_L4
937,2,2.358711,48.835533,CAMPO_FORMIO_METRO_L5
938,18,2.358825,48.879437,MAGENTA_BIS
939,4,2.358829,48.857508,ROSIERS_DUVAL
940,12,2.35888,48.882096999999995,PLACE_NAPOLEON_III_BIS
941,21,2.358857,48.728873,ORLY_OUEST_PISTES
942,21,2.358922,48.819553000000006,SQUARE_BAJAC
943,4,2.35894,48.862136,CENTRAL_FT_BONDEVILLE_PARIS_INDOOR
944,27,2.358994,48.892540000000004,PORTE_DE_LA_CHAPELLE
945,4,2.359065,48.867286,NAZARETH_BIS
946,21,2.359061,48.728468,ORLY_OUEST_INDOOR
947,3,2.35931,48.867816,MESLAY
948,8,2.359411,48.84772,SEINE_SULLY
949,16,2.359602,48.880183,PLACE_NAPOLEON_III
950,4,2.359649,48.862684,ARCHIVES_PASTOURELLE
951,2,2.359664,48.897959,PORTE_DE_LA_CHAPELLE_METRO_L12
952,8,2.359696,48.877019,GARE_DE_L_EST_INDOOR
953,4,2.3599900000000003,48.865147,TEMPLE_PERREE
954,8,2.360019,48.867789,MESLAY_BIS
955,4,2.3600209999999997,48.873181,VINAIGRIERS
956,27,2.3601229999999997,48.888801,MARX_DORMOY
957,27,2.3601360000000002,48.855216,SAINT_PAUL_METRO_L1
958,5,2.360219,48.859601,VIEILLE_DU_TEMPLE
959,27,2.360313,48.855565999999996,SAINT_PAUL_IDF
960,27,2.360563,48.896611,STADE_DES_FILLETTES
961,2,2.360564,48.838615999999995,SAINT_MARCEL_METRO_L5
962,4,2.360795,48.86645,TEMPLE_TURBIGO
963,27,2.3609419999999997,48.831524,LYCEE_CHASLES
964,2,2.360983,48.861489,MM_HOTEL_BROSSIER_EVENT
965,27,2.361077,48.858532000000004,MUSEE_PICASSO
966,18,2.361205,48.870826,JACQUES_BONSERGENT_METRO_L5
967,1,2.361326,48.866818,BOUTIQUE_SDR_REPUBLIQUE_PDV1
968,1,2.361353,48.866539,TEMPLE_METRO_L3
969,15,2.361457,48.826914,PARC_DE_CHOISY
970,2,2.3615720000000002,48.867888,THE_PHONE_HOUSE_REPUBLIQUE_PDV2
971,4,2.361703,48.857237,FRANCS_BOURGEOIS_PAVEE
972,27,2.3619369999999997,48.833717,PLACE_D_ITALIE
973,27,2.362207,48.885215,PLACE_DE_LA_CHAPELLE
974,4,2.362273,48.853193,CHARLES_V_BIS
975,2,2.362294,48.867726,REPUBLIQUE_METRO_L8_L9
976,4,2.362438,48.856249,SEVIGNE
977,2,2.3624490000000002,48.879139,CHATEAU_LANDON_METRO_L7
978,27,2.3624680000000002,48.889762,MARX_DORMOY_EU
979,4,2.362555,48.872013,LANCRY
980,12,2.3626669999999996,48.823112,JARDIN_MIRO
981,18,2.362717,48.841761,PONT_DE_TOLBIAC_TER
982,4,2.362742,48.864984,DUPETIT_THOUARS
983,4,2.362778,48.855215,STE_CATHERINE
984,21,2.362789,48.850227000000004,SCHOMBERG
985,27,2.3629830000000003,48.828891,PARC_DE_CHOISY_BIS
986,4,2.363061,48.848321999999996,TPIM_QUAI_HENRI_IV
987,27,2.363157,48.822303000000005,JARDIN_MIRO_BIS
988,21,2.363182,48.873001,JEMMAPES_RICHERAND
989,27,2.363348,48.743244,ORLY_AIR_INTER_BIS
990,18,2.3634180000000002,48.85499,RUE_DE_BIRAGUE
991,2,2.363569,48.857453,MM_ECLAIREUR_SOSH_2011_EVENT
992,5,2.363588,48.867159,AGENCE_FT_REPUBLIQUE_PDV1
993,24,2.363629,48.841428,PONT_DE_TOLBIAC_BIS
994,1,2.363779,48.867841999999996,REPUBLIQUE_METRO_STATION
995,3,2.364194,48.881359,FERNAND_WIDAL_HOPITAL
996,1,2.364357,48.853938,THE_PHONE_HOUSE_ST_ANTOINE_PDV2
997,27,2.364389,48.862144,CIRQUE_D_HIVER
998,4,2.364442,48.859556,TURENNE_ANASTASE
999,4,2.364963,48.866665000000005,REPUBLIQUE_METRO_L3_L5_L11
1000,27,2.365185,48.848294,SCHOMBERG_BIS
1001,21,2.365236,48.892134000000006,PLACE_HEBERT
1002,2,2.365236,48.842569,GARE_D_AUSTERLITZ_METRO_L5_10
1003,4,2.365297,48.85366,ST_ANTOINE_PARIS
1004,2,2.365312,48.881422,LOUIS_BLANC_METRO_L7_7BIS
1005,24,2.3655619999999997,48.866215000000004,OBERKAMPF_BIS
1006,4,2.36558,48.823496999999996,AVENUE_IVRY
1007,2,2.365818,48.884288,STALINGRAD_METRO_L7
1008,4,2.3658900000000003,48.84194,GARE_D_AUSTERLITZ_1_INDOOR
1009,18,2.365959,48.869531,REPUBLIQUE
1010,2,2.3662080000000003,48.826904,OLYMPIADES_METRO_L14
1011,1,2.366244,48.867015,MGC_DARTY_REPUBLIQUE_PDV3
1012,4,2.366271,48.867221,OSM_STEELCASE_INDOOR
1013,2,2.3662810000000003,48.88427,STALINGRAD_METRO_L2_5
1014,27,2.366319,48.830597,PLACE_JEANNE_D_ARC
1015,27,2.366427,48.877215,SQUARE_VARLIN
1016,2,2.366841,48.863384,FILLES_DU_CALVAIRE_METRO_L8
1017,4,2.366892,48.855978,PAS_DE_LA_MULE
1018,12,2.366943,48.850783,BOURDON
1019,3,2.367053,48.853093,MM_SOSH_DOORS_EVENT_2013
1020,16,2.3672400000000002,48.727945,ORLY_SUD_PISTES_OUEST
1021,2,2.367317,48.861227,ST_SEBASTIEN_FROISSART_METRO_L8
1022,24,2.3674880000000003,48.734219,ORLY
1023,3,2.367669,48.85791,CHEMIN_VERT
1024,27,2.367701,48.865334000000004,OBERKAMPF_METRO_L5_L9
1025,3,2.367738,48.859636,BEAUMARCHAIS_SABIN
1026,27,2.367802,48.89882,PTE_D_AUBERVILLIERS
1027,4,2.368051,48.882275,LAFAYETTE_ST_MARTIN
1028,4,2.368105,48.744015999999995,OSM_ORLY_AIR_FRANCE_CITE_PN
1029,27,2.368239,48.853506,BASTILLE_METRO_L1
1030,2,2.3682819999999998,48.857461,CHEMIN_VERT_METRO_L8
1031,18,2.36833,48.823892,RUE_NATIONALE
1032,21,2.3683,48.727927,ORLY_SUD_INDOOR
1033,15,2.368439,48.870501000000004,RUE_BICHAT
1034,4,2.368528,48.858584,AMELOT_MICRO
1035,27,2.3686830000000003,48.868524,OBERKAMPF_EU
1036,4,2.368734,48.839414,OSM_NATIXIS_ELEMENTS_PARIS13_INDOOR
1037,4,2.36882,48.847062,BERCY_ROLLIN
1038,3,2.368875,48.847359000000004,AUSTERLITZ
1039,3,2.369022,48.864812,OBERKAMPF
1040,15,2.369064,48.889177000000004,MARCHE_RIQUET
1041,12,2.36919,48.850873,BASTILLE
1042,27,2.369211,48.884719,JAURES_BIS
1043,2,2.369392,48.890228,CENT_QUATRE_WEB_9.0_2009_EVENT
1044,24,2.369402,48.885249,JAURES
1045,4,2.3694439999999997,48.865315,FERRY_LENOIR
1046,27,2.369647,48.862278,ST_AMBROISE
1047,21,2.369765,48.832933000000004,BNF
1048,17,2.369814,48.890309,"MM_FUTUR_EN_SEINE_104_EVENT_2013, MM_104_SOSH_EVENT_2012, MM_104_ATELIER4_PARIS_EVENT"
1049,32,2.3698759999999996,48.879551,ST_JOSEPH_ARTISAN
1050,4,2.369991,48.846585,RUE_AUSTERLITZ
1051,2,2.370015,48.841013000000004,"MM_FEMME_DIGITALE_2017, MM_KICK_OFF_EVENT_2015"
1052,5,2.370022,48.852778,PLACE_BASTILLE_MICRO
1053,24,2.369957,48.728493,ORLY_SUD_PISTES_EST
1054,27,2.370104,48.853056,BASTILLE_METRO_L8
1055,27,2.370227,48.832304,BNF_BIS
1056,2,2.370368,48.882607,JAURES_METRO_L2_5_7BIS
1057,36,2.370389,48.851473999999996,BASTILLE_BIS
1058,2,2.3704330000000002,48.856939000000004,BREGUET_SABIN_METRO_L5
1059,4,2.370618,48.846801,AUDUBON
1060,3,2.37074,48.826165,OSM_MASSENA_PARIS_IND
1061,1,2.3707689999999997,48.870069,THE_PHONE_HOUSE_PARMENTIER_PDV2
1062,54,2.370884,48.837624,TUNNEL_GSMR_AUSTERLITZ_GARE
1063,3,2.370888,48.844051,NATEXIS_QUAI_DE_LA_RAPEE_INDOOR
1064,1,2.370904,48.826075,OSM_MASSENA
1065,2,2.370951,48.877538,COLONEL_FABIEN_METRO_L2
1066,4,2.371,48.847879,LEDRU_ROLLIN
1067,4,2.371052,48.885824,FLANDRE_VILLETTE
1068,2,2.371055,48.870141,GONCOURT_METRO_L11
1069,31,2.371081,48.826345,TOLBIAC
1070,4,2.3715040000000003,48.869673999999996,PARMENTIER_DARBOY
1071,27,2.371625,48.846738,AUSTERLITZ_BIS
1072,21,2.3720950000000003,48.836033,BNF_EU
1073,4,2.372148,48.854017,LAPPE_ROQUETTE_BIS
1074,5,2.372187,48.85222,AGENCE_ORANGE_BASTILLE
1075,2,2.372217,48.835332,OSM_CENTRE_DEMO_OBS_INDOOR
1076,27,2.372251,48.845246,GARE_DE_LYON_METRO_L14
1077,9,2.372341,48.838343,QUAI_DE_LA_RAPEE
1078,16,2.372371,48.842576,VAN_GOGH_2
1079,3,2.37257,48.854907,BREGUET_SABIN
1080,1,2.372793,48.842118,AVENTIS
1081,39,2.372804,48.837444,"QUAI_DE_LA_RAPEE_BIS, QUAI_DE_LA_RAPEE_PROV"
1082,27,2.3728580000000004,48.857783000000005,RICHARD_LENOIR_BIS
1083,3,2.372859,48.858196,RICHARD_LENOIR
1084,14,2.373243,48.842296999999995,GARE_DE_LYON_RER_D_BIS
1085,8,2.373284,48.843205,VAN_GOGH
1086,27,2.373353,48.864379,PASSAGE_BESLAY
1087,4,2.373616,48.850097999999996,CHARENTON_NICOLAS
1088,27,2.373611,48.823935999999996,REGNAULT
1089,18,2.373646,48.835368,JAMES_JOYCE_PROV
1090,27,2.373724,48.829202,CHEVALERET_BIS
1091,27,2.3738799999999998,48.877096,COLONEL_FABIEN
1092,12,2.373925,48.844373,GARE_DE_LYON_INDOOR
1093,27,2.373966,48.844975,GARE_DE_LYON_RER_A
1094,14,2.374041,48.835502000000005,JAMES_JOYCE_BIS
1095,2,2.3740919999999996,48.888196,RIQUET_METRO_L7
1096,2,2.374128,48.880763,BOLIVAR_METRO_L7BIS
1097,27,2.3741950000000003,48.860146,VOLTAIRE_MERICOURT
1098,27,2.3742799999999997,48.845721000000005,GARE_DE_LYON_METRO_L1
1099,15,2.374464,48.892959000000005,CRIMEE
1100,2,2.3747,48.86118,ST_AMBROISE_METRO_L9
1101,27,2.374723,48.874534999999995,AVENUE_VELLEFAUX
1102,21,2.374921,48.866392,RUE_ST_MAUR
1103,5,2.3751830000000003,48.889346,FLANDRE_ANGLAIS
1104,16,2.375232,48.844589,GARE_DE_LYON_INDOOR_BIS
1105,4,2.375421,48.842566,RUE_BERCY
1106,27,2.37548,48.8846,LAUMIERE
1107,18,2.375509,48.888024,RICQUET
1108,24,2.37551,48.870490000000004,GONCOURT
1109,15,2.375673,48.851581,SAINT_ANTOINE
1110,2,2.37578,48.829840000000004,BIBLIOTHEQUE_METRO_L14
1111,2,2.375884,48.841407000000004,MM_BERCY_G20_2011_EVENT
1112,2,2.375988,48.890487,CRIMEE_METRO_L7
1113,1,2.375987,48.83339,OSM_BNF_IPHONE_PARIS_EVENT
1114,2,2.375995,48.844947999999995,PARKING_MEDITERRANEE_INDOOR
1115,21,2.376106,48.848138,PLACE_ALIGRE_EU
1116,3,2.376187,48.828393,CHEVALERET
1117,1,2.376272,48.851329,LEDRU_ROLLIN_METRO_L8
1118,1,2.376408,48.851113,BOUTIQUE_SDR_ALIGRE_PDV1
1119,27,2.3764979999999998,48.880052,MATHURIN_MOREAU
1120,4,2.376719,48.848048,COTTE
1121,4,2.3767709999999997,48.861979,AMBROISE_PARMENTIER
1122,4,2.376802,48.831016999999996,OSM_ACCENTURE_INDOOR
1123,4,2.376836,48.858177000000005,RUE_POPINCOURT
1124,3,2.3768290000000003,48.830791999999995,AGENCE_ORANGE_TOLBIAC
1125,4,2.377089,48.851104,ANTOINE_LEDRU
1126,4,2.377318,48.830352000000005,OSM_ACCOR_PARIS_INDOOR
1127,2,2.377405,48.872062,BELLEVILLE_METRO_L11_L2
1128,27,2.3775209999999998,48.881471999999995,AVENUE_SECRETAN
1129,27,2.377609,48.854285,RUE_BASFROI
1130,27,2.37775,48.825579,MASSENA_CHEVALERET
1131,21,2.377902,48.845217,BLD_DIDEROT
1132,10,2.3780799999999997,48.898152,OSM_BNP_2_MAC_DONALD_IND
1133,14,2.378346,48.83835,POPB_INDOOR_ANNEXES
1134,27,2.378386,48.837811,POPB
1135,4,2.378641,48.850753000000005,ANTOINE_CROZATIER_BIS
1136,11,2.378762,48.899770000000004,OSM_BNP_MACDONALD_PARIS
1137,18,2.378748,48.830405,KAFKA
1138,32,2.378809,48.838602,"POPB_INDOOR_TRIBUNES, POPB_INDOOR"
1139,27,2.378853,48.826073,RERC_BFM
1140,27,2.379086,48.894728,CURIAL
1141,4,2.379163,48.838592999999996,OSM_POPB_PROV_TENNIS_2014
1142,18,2.379364,48.885290999999995,LAUMIERE_METRO_L5
1143,5,2.379996,48.858688,BLUM_ROQUETTE
1144,18,2.380092,48.876043,RUE_MANIN
1145,24,2.380106,48.843068,GARE_DE_LYON
1146,1,2.380345,48.869006,COURONNES_METRO_L2
1147,1,2.380418,48.857502000000004,VOLTAIRE_METRO_L9
1148,27,2.380548,48.866687,PARMENTIER_BIS
1149,27,2.3806380000000003,48.893226,LA_VILLETTE
1150,15,2.3806380000000003,48.860809,SQUARE_GARDETTE
1151,27,2.3806380000000003,48.828390999999996,PORTE_DE_BERCY_BIS
1152,25,2.3806540000000003,48.846879,HOPITAL_SAINT_ANTOINE
1153,8,2.380662,48.839904,BERCY_METRO_L14
1154,27,2.381464,48.870578,BLD_BELLEVILLE_EU
1155,27,2.382243,48.857959,ROQUETTE_BIS
1156,27,2.382261,48.847732,HOPITAL_ST_ANTOINE_BIS
1157,3,2.3826110000000003,48.858049,ROQUETTE
1158,27,2.382625,48.873740999999995,BELLEVILLE_SQUARE
1159,2,2.382812,48.870002,BLD_BELLEVILLE
1160,27,2.382879,48.88413,MAIRIE_DU_19EME
1161,2,2.383123,48.866875,MENILMONTANT_METRO_L2
1162,27,2.383209,48.887366,STALINGRAD
1163,27,2.383355,48.851865999999994,FAIDHERBE_CHALIGNY
1164,4,2.383421,48.850212,ANTOINE_FAIDHERBE
1165,35,2.38405,48.898348,"ORANGE_UNS_TEST_INDOOR, BLD_MAC_DONALD"
1166,9,2.384001,48.828317999999996,PORTE_DE_BERCY
1167,3,2.384015,48.844612,PLACE_BOURGOIN
1168,1,2.384116,48.850301,FAIDHERBE_CHALIGNY_METRO_L8
1169,17,2.3841259999999997,48.846922,REUILLY_DIDEROT_METRO_L1
1170,27,2.384601,48.844945,PLACE_BOURGOIN_RE
1171,27,2.384957,48.876472,BUTTES_CHAUMONT
1172,27,2.38542,48.861302,PLACE_METIVIER
1173,27,2.3855310000000003,48.84924,FAIDHERBE_CHALIGNY_S_RE
1174,7,2.3855630000000003,48.854704999999996,CHARONNE_METRO_L9
1175,27,2.385782,48.85501,CHARONNE
1176,6,2.38619,48.898239000000004,TPIM_BLD_MAC_DONALD_MARECHAUX
1177,2,2.3861689999999998,48.832685,COUR_ST_EMILION_METRO_L14
1178,2,2.386503,48.855037,CHARONNE_PETITE_PIERRE
1179,27,2.38674,48.831489000000005,RUE_KESSEL
1180,27,2.386745,48.836585,GARE_BERCY_BIS
1181,7,2.386807,48.887265,OURCQ_METRO_L5
1182,3,2.387165,48.849348,REUILLY_DIDEROT
1183,1,2.3878909999999998,48.895632,CITE_DES_SCIENCES_EXPO
1184,27,2.387887,48.86273,PERE_LACHAISE_METRO_L2_3
1185,3,2.387946,48.895641,CITE_DES_SCIENCES_1_INDOOR
1186,27,2.388087,48.844862,MONTGALLET
1187,3,2.388207,48.869793,PARC_DE_BELLEVILLE
1188,27,2.3881930000000002,48.841537,DUGOMMIER
1189,2,2.388557,48.879733,BOTZARIS_METRO_L7BIS
1190,1,2.388864,48.845213,THE_PHONE_HOUSE_REUILLY_PDV2
1191,27,2.389047,48.879401,COMPANS
1192,1,2.389307,48.839191,DUGOMMIER_METRO_L6
1193,6,2.389552,48.852339,RUE_DES_BOULETS_METRO_L9
1194,2,2.389585,48.85828,PHILIPPE_AUGUSTE_METRO_L2
1195,27,2.389669,48.874233000000004,PYRENEES
1196,27,2.389776,48.858684000000004,PHILIPPE_AUGUSTE_MENIL
1197,27,2.389883,48.896853,CITE_DES_SCIENCES
1198,2,2.389884,48.844196999999994,MONTGALLET_METRO_L8
1199,24,2.3901310000000002,48.885915999999995,PORTE_CHAUMONT
1200,21,2.3904259999999997,48.881458,DANUBE
1201,27,2.3907950000000002,48.855853,ALEXANDRE_DUMAS
1202,2,2.391132,48.866512,PRE_PROD_MENILMONTANT_ERICSSON
1203,2,2.391133,48.866602,PRE_PROD_MENILMONTANT_NOKIA
1204,5,2.391269,48.866690999999996,ORANGE_MENILMONTANT_INDOOR
1205,27,2.391296,48.86653,MENILMONTANT
1206,8,2.391699,48.847728000000004,LYCEE_ARAGO_EU
1207,27,2.391812,48.877978999999996,PLACE_DES_FETES
1208,5,2.3919330000000003,48.888827,PHILHARMONIE_PARIS_INDOOR
1209,2,2.392143,48.868677000000005,MM_MAROQUINERIE_SOSH_EVENT
1210,2,2.392205,48.888979,PORTE_DE_PANTIN_METRO_L5
1211,2,2.3927240000000003,48.876684999999995,PLACE_DES_FETES_METRO_L11_L7BIS
1212,27,2.393009,48.888422,STADE_LADOUMEGUE
1213,2,2.393097,48.882032,DANUBE_METRO_L7BIS
1214,4,2.393206,48.894219,ZENITH_INDOOR
1215,1,2.393338,48.840142,AGENCE_FT_PARIS_DAUMESNIL_PDV1
1216,27,2.393488,48.840303000000006,RUE_DE_LA_DURANCE
1217,21,2.393535,48.883901,RUE_DE_TOULOUSE
1218,4,2.393652,48.840573,"OSM_CENTRAL_FT_DIDEROT_PARIS_INDOOR, AGENCE_ORANGE_DAUMESNIL"
1219,27,2.393687,48.848383,LYCEE_ARAGO
1220,4,2.393767,48.834254,NICOLAI
1221,34,2.394018,48.851987,NATION
1222,2,2.394214,48.856390999999995,ALEXANDRE_DUMAS_METRO_L2
1223,14,2.394674,48.866347999999995,ANNAM
1224,27,2.394804,48.848032,NATION_METRO_L1_2_6
1225,6,2.3951439999999997,48.872082,SQUARE_DE_MENILMONTANT
1226,4,2.395167,48.856588,CHARONNE_DELAU
1227,1,2.396305,48.839141999999995,DAUMESNIL_METRO_L6_8
1228,27,2.396357,48.837228,CHARENTON
1229,27,2.3969110000000002,48.880188000000004,RUE_DE_MOUZAIA
1230,27,2.396952,48.8689,PERE_LACHAISE_BIS
1231,27,2.39697,48.848768,NATION_RER_A
1232,18,2.397084,48.864774,PLACE_MARTIN_NADAUD
1233,28,2.397125,48.841955,PLACE_FELIX_EBOUE
1234,4,2.397265,48.868225,CHINE
1235,27,2.3975869999999997,48.875739,TELEGRAPHE
1236,18,2.397678,48.872547999999995,SQ_MENILMONTANT_BIS
1237,5,2.397766,48.866239,AGENCE_ORANGE_PARIS_GAMBETTA
1238,1,2.398498,48.851499,AVRON_METRO_L2
1239,2,2.3985689999999997,48.865241,GAMBETTA_METRO_L3_3BIS
1240,27,2.3986669999999997,48.844759,REUILLY
1241,1,2.3989759999999998,48.875603000000005,TELEGRAPHE_METRO_L11
1242,2,2.399252,48.832481,PORTE_DE_CHARENTON_METRO_L8
1243,18,2.399294,48.856541,RUE_BAGNOLET_BIS
1244,14,2.399946,48.855183000000004,TERRE_NEUVE
1245,5,2.400769,48.848343,AGENCE_ORANGE_NATION
1246,4,2.400947,48.860440000000004,RENOUVIER
1247,27,2.401018,48.840497,DAUMESNIL
1248,2,2.401236,48.85192,BUZENVAL_METRO_L9
1249,2,2.401392,48.868097,PELLEPORT_METRO_L3BIS
1250,15,2.401436,48.848451000000004,SQUARE_REJANE_EB
1251,27,2.4018759999999997,48.852127,BUZENVAL
1252,32,2.401894,48.866138,BELGRAND_TENON
1253,27,2.402687,48.836263,MICHEL_BIZOT
1254,24,2.403996,48.848153,SQUARE_REJANE_BIS
1255,2,2.406181,48.852672,MARAICHERS_METRO_L9
1256,9,2.406412,48.852196,PORTE_DE_VINCENNES_BIS
1257,2,2.406457,48.835138,PORTE_DOREE_METRO_L8
1258,15,2.408837,48.843036,ARMAND_TROUSSEAU
1259,27,2.440819,48.834879,OSMSLA_FORT_VINCENNES_RF
1260,4,2.445015,48.836116,PARC_FLORAL_INDOOR
1261,20,2.451436,48.821217,BOIS_DE_VINCENNES
1262,21,2.4521759999999997,48.829746,LAC_DES_MINIMES
1263,27,2.516916,48.997777,ROISSY_EN_FRANCE
1264,18,2.5176939999999997,48.974042,OSM_PARC_EXPO_VILLEPINTE_INDOOR_A
1265,24,2.5180759999999998,48.977825,VILLEPINTE_TREMBLAY_CAROLE
1266,18,2.5211330000000003,48.973624,OSM_PARC_EXPO_VILLEPINTE_INDOOR_B
1267,30,2.521588,49.005588,PARC_DE_ROISSY
1268,18,2.521728,48.991362,CC_AEROVILLE_INDOOR
1269,27,2.523135,48.995179,ROISSY_FRET
1270,15,2.5337810000000003,49.000914,OSM_HUBONE_SIEGE_ADP
1271,24,2.534626,49.011184,ROISSY_ZONE_TECHNIQUE
1272,12,2.537986,49.007494,AEROPORT_CHARLES_DE_GAULLE
1273,1,2.5410169999999996,49.014057,ROISSY_1_PROVIS_N
1274,18,2.541404,49.015144,ROISSY_1_PROVIS_2_PISTES_ET_PARKINGS
1275,27,2.5415509999999997,49.014236,ROISSY_T1
1276,21,2.543875,48.983849,TREMBLAY_VIEUX_PAYS
1277,27,2.549246,49.001894,ROISSY_SERVAIR
1278,14,2.557888,49.010397,ROISSY_ZONE_CENTRALE_OUEST
1279,14,2.558362,49.012625,ROISSY_T3_INDOOR
