;0
0;0102f810041e6575
1;0102f810041f4a69
2;0102f810041f4d6f
3;0102f810041fd3e8
4;0102f81007083f37
5;0102f81007084f79
6;8102f8100099560b
7;8102f81000998b07
8;8102f810009b2806
9;8102f81000ae7706
10;0102f810041f2cdf
11;0102f810041f40f9
12;0102f810041f6232
13;0102f810041fce82
14;0102f8105109003d
15;8102f81000998c04
16;8102f81000998c08
17;8102f81000999f0c
18;8102f81000a67001
19;0102f810041e2116
20;0102f810041f2860
21;0102f810041f3486
22;0102f810041f45fe
23;0102f810041f4d66
24;0102f810041f5e60
25;0102f810041faf1f
26;0102f810041fbc45
27;0102f81007082af1
28;0102f81007086395
29;0102f81007086a12
30;0102f8100708d710
31;0102f81051095af9
32;8102f81000995b06
33;8102f81000999206
34;8102f8100099a305
35;8102f8100099ad08
36;8102f8100099c002
37;8102f81000a03203
38;0102f810041f17f7
39;0102f810041f2608
40;0102f810041f77de
41;0102f810041f7c05
42;0102f810041f8dda
43;0102f810070832bd
44;0102f810070867e2
45;0102f8100708d0f1
46;8102f81000995a0c
47;8102f81000997006
48;8102f81000998401
49;8102f81000998403
50;8102f8100099b002
51;8102f8100099bd0a
52;8102f81000a1f107
53;0102f810041f2090
54;0102f810041f5e4b
55;0102f810041f60e2
56;0102f810041f6742
57;0102f810041fa089
58;0102f810041ff4e0
59;8102f81000997703
60;8102f8100099a806
61;8102f81000bad00c
62;0102f810041e6577
63;0102f810041eabd3
64;0102f810041f5a4f
65;0102f810041f81e1
66;0102f810041f8c90
67;0102f810041fa534
68;0102f810041fc59e
69;0102f8105109005b
70;8102f81000995f07
71;8102f81000996509
72;8102f81000997d0c
73;8102f81000998b02
74;8102f81000999407
75;8102f8100099b50c
76;8102f810009e830c
77;8102f81000aeca05
78;8102f81000aef005
79;0102f810041f4a4e
80;0102f810041f56ff
81;0102f8100708ee5b
82;0102f810510919fb
83;0102f8105109bb32
84;8102f81000997506
85;0102f810041f1503
86;0102f810041f285c
87;0102f810041f28be
88;0102f810041fa923
89;0102f810041fd5a2
90;0102f810510984e1
91;8102f81000998b0a
92;0102f810041f2a67
93;0102f810041f3a12
94;0102f810041f6e35
95;0102f810041f7212
96;0102f810041fb753
97;0102f810041ff2fd
98;0102f8100708c6c5
99;0102f8100708ebc3
100;0102f810510944a5
101;8102f8100099750b
102;8102f8100099a209
103;8102f8100099ae08
104;8102f8100099b304
105;8102f8100099b909
106;8102f8100099c604
107;8102f81000aeee01
108;8102f81000b9c803
109;0102f810041f1672
110;0102f810041f3089
111;0102f810041f308a
112;0102f810041f54f1
113;0102f810041f60c9
114;0102f810041f66d8
115;0102f810041fe07a
116;0102f810041fe3f7
117;0102f81051092a84
118;8102f81000995e06
119;8102f81000996404
120;8102f8100099700b
121;8102f8100099770a
122;8102f81000999f01
123;8102f8100099a007
124;8102f81000a4d903
125;0102f810041e02ea
126;0102f810041f049f
127;0102f810041f7154
128;0102f810041f7abe
129;0102f810041fdda6
130;0102f81007083583
131;0102f81007083dce
132;0102f810510927ac
133;0102f81051099295
134;0102f8105109f438
135;8102f81000995304
136;8102f8100099960a
137;8102f81000a0320a
138;8102f81000a0bc01
139;8102f81000a4d902
140;8102f81000a88105
141;0102f810041e6573
142;0102f810041f1f6a
143;0102f810041f305e
144;0102f810041f7aef
145;0102f8100708e8f9
146;0102f81095000126
147;8102f81000995709
148;8102f81000997705
149;8102f8100099a301
150;8102f8100099b20c
151;8102f810009f1706
152;8102f81000b9cc06
153;0102f810041f140b
154;0102f810041f6e96
155;0102f810041f7e3e
156;0102f810070885cf
157;8102f8100099640b
158;8102f8100099ac03
159;8102f8100099bc01
160;8102f81000a9da01
161;0102f810041f0c9a
162;0102f810041f3a11
163;0102f810041f428a
164;8102f81000999503
165;8102f81000999c07
166;8102f8100099a308
167;0102f810041f5703
168;0102f81051090da6
169;0102f81051094968
170;8102f81000996306
171;8102f8100099c001
172;8102f81000aeed04
173;8102f81000aef405
174;8102f81000b9cb05
175;0102f810041f30f6
176;0102f810041f9c41
177;0102f81007084437
178;0102f81007087fec
179;0102f81095000373
180;8102f81000999409
181;8102f8100099a20b
182;8102f8100099b503
183;8102f810009ec606
184;8102f81000a93201
185;0102f810041f1f27
186;0102f810041f3484
187;0102f810041f5f53
188;0102f810041f9c45
189;0102f810041fc515
190;0102f81007082a11
191;0102f81007088f6e
192;8102f8100099830b
193;8102f81000998f0a
194;8102f8100099b607
195;8102f81000a05005
196;8102f81000aeec04
197;8102f81000aeef01
198;0102f810041f0781
199;0102f81007081955
200;0102f810070884de
201;0102f81051090057
202;0102f8105109affb
203;0102f8105109f5ee
204;8102f81000995307
205;8102f81000995906
206;8102f81000995e02
207;8102f81000997501
208;8102f81000998b0c
209;8102f8100099b90c
210;8102f810009bbf01
211;8102f81000ac0402
212;0102f810041f30b0
213;0102f810041f4965
214;0102f810041f8ddc
215;0102f810041fc233
216;0102f810041fca4d
217;0102f810041ff22e
218;8102f81000995303
219;8102f81000996908
220;8102f81000999a07
221;8102f8100099ae03
222;8102f8100099b209
223;0102f810041f012e
224;0102f810041f06e4
225;0102f810041f49f8
226;0102f81007084817
227;0102f810070872b5
228;0102f810070873b0
229;0102f8100708d61b
230;0102f81051099790
231;8102f81000996508
232;8102f81000998301
233;8102f81000998c05
234;8102f81000998e05
235;8102f8100099a207
236;8102f81000a05007
237;8102f81000a93101
238;0102f810041e1274
239;0102f810041f0782
240;0102f810041f2603
241;0102f810041f3e21
242;0102f810041f8b92
243;0102f810041ff943
244;0102f8100708dd9d
245;0102f8105109ed09
246;8102f8100099ac09
247;8102f8100099bd04
248;0102f810041f6306
249;0102f810041fa979
250;0102f8100708d0c3
251;0102f81050fd139f
252;8102f81000997206
253;8102f8100099c608
254;8102f81000a03206
255;8102f81000aef004
256;0102f810041f3c18
257;0102f810041f511b
258;0102f810041f678e
259;0102f810041fb6cf
260;0102f810041ff600
261;8102f81000995809
262;8102f81000998405
263;8102f81000998c03
264;8102f81000999305
265;8102f8100099b303
266;8102f8100099c009
267;8102f810009e8306
268;8102f81000a05003
269;0102f810041f3085
270;0102f810041f543b
271;0102f810041f7795
272;0102f810041fa0af
273;0102f81007086a91
274;0102f8100708834d
275;0102f8100708b4af
276;0102f8100708e82b
277;8102f81000994e04
278;8102f81000999507
279;8102f8100099ab08
280;8102f81000ba4d03
281;0102f810041f327a
282;0102f810041f3e37
283;0102f810041f614a
284;0102f810041f6e9c
285;0102f810041fb5ed
286;0102f810041fded5
287;0102f810070850f4
288;8102f81000995701
289;8102f81000995f0c
290;8102f81000996805
291;8102f81000999208
292;8102f81000999502
293;8102f8100099a208
294;8102f8100099aa06
295;8102f8100099ac0b
296;0102f810041f181c
297;0102f810041f50ca
298;0102f810041fb2e7
299;0102f810041fb61f
300;0102f810041fcc05
301;0102f81051091f9e
302;0102f81051096153
303;8102f81000999505
304;8102f8100099b00b
305;8102f81000a03204
306;8102f81000ac040f
307;0102f810041e02eb
308;0102f810041f34fc
309;0102f810041f86f3
310;0102f810041fd7b0
311;0102f81007082f0f
312;0102f810070881fa
313;8102f81000998404
314;8102f81000999f09
315;8102f8100099bd01
316;8102f810009c5d02
317;8102f81000a03208
318;8102f81000a1f10b
319;8102f81000ba4d08
320;0102f810041e21db
321;0102f810041e6547
322;0102f810041f30f5
323;0102f810041f32a6
324;0102f810041f33d2
325;0102f810041f5132
326;0102f810041f89f1
327;0102f810041fb343
328;0102f810041fbc36
329;0102f810041fcf9a
330;0102f81007084083
331;0102f81051090295
332;0102f81051091e04
333;0102f8105109d3a1
334;0102f8105109fb33
335;8102f8100099a20c
336;8102f8100099b703
337;8102f81000b9c801
338;0102f810041f4011
339;0102f810041f8e00
340;0102f810041fc5ac
341;0102f810041fd18f
342;0102f8100708450a
343;0102f8105109da9a
344;8102f81000999f0b
345;8102f8100099a808
346;8102f81000a4d904
347;0102f810041f183d
348;0102f810041f3d48
349;0102f810041f3e8a
350;0102f810041f5dc4
351;0102f810041fbd0c
352;0102f8100708bcf7
353;0102f8105109f85a
354;8102f81000996507
355;8102f81000997901
356;8102f8100099a107
357;8102f8100099b906
358;8102f8100099bd06
359;8102f810009bbf03
360;8102f810009e8305
361;8102f81000a0500f
362;8102f81000aeef02
363;8102f81000babe05
364;0102f810041f388c
365;0102f810041f516b
366;0102f8105109a122
367;8102f8100099a20a
368;8102f8100099ad0a
369;8102f810009c5101
370;0102f810041f0046
371;0102f810041f1064
372;0102f810041fa745
373;0102f810070872b6
374;0102f8100708a62e
375;0102f8100708f9b7
376;0102f8100708f9bd
377;8102f81000995c01
378;8102f81000995c02
379;8102f81000997d04
380;8102f81000998b05
381;8102f810009d2e03
382;0102f810041e4bde
383;0102f810041f2ce3
384;0102f810041f4df2
385;0102f810041f7215
386;0102f810041f85be
387;0102f810041f9dc6
388;0102f810041fad28
389;0102f810041fc25c
390;0102f810041fc783
391;0102f810041fc7f4
392;0102f8100708f0fc
393;0102f810950000ca
394;8102f8100099530a
395;8102f81000995702
396;8102f810009b2801
397;0102f810041f06e5
398;0102f810041f3e9f
399;8102f81000996c09
400;8102f81000997d08
401;8102f810009c5103
402;8102f81000a11b04
403;8102f81000aeeb02
404;8102f81000aeec06
405;8102f81000aef003
406;0102f810041f00d9
407;0102f810041f0990
408;0102f810041f23ed
409;0102f810041f2ce6
410;0102f810041f3d2c
411;0102f810041fa97c
412;0102f810041fcb17
413;0102f810041fde7c
414;0102f810041feafd
415;0102f81007083cac
416;0102f810070860d8
417;0102f810510970e6
418;8102f81000995b0c
419;8102f81000996409
420;8102f8100099750c
421;8102f810009c510b
422;8102f81000a1050b
423;8102f81000aeef05
424;0102f810041ee522
425;0102f810041f14d9
426;0102f810041f374c
427;0102f810041f7c3e
428;0102f810041fc8fc
429;0102f8109500003d
430;8102f8100099b30a
431;8102f81000a4bb03
432;8102f81000aeca06
433;0102f810041e924d
434;0102f810041ea410
435;0102f810041f183c
436;0102f810041f2eb1
437;0102f810041f7751
438;0102f810041fca00
439;0102f810041feab6
440;0102f810041ff0fb
441;0102f81007083d8d
442;0102f8105109003e
443;8102f81000995803
444;8102f81000995a07
445;8102f8100099a009
446;8102f8100099ae0b
447;8102f810009b9207
448;0102f810041f0985
449;0102f810041f83ab
450;0102f810041fb5f9
451;0102f8100708c890
452;0102f81051095d2c
453;8102f81000995203
454;8102f81000995b05
455;8102f81000997205
456;8102f81000997906
457;0102f810041f60f9
458;0102f810041f7c7b
459;0102f810041fac76
460;0102f810041fb91d
461;0102f810041fc206
462;0102f810070844f2
463;0102f8105109346d
464;0102f81051098e5c
465;8102f81000996809
466;8102f81000997903
467;8102f8100099790b
468;8102f8100099930c
469;8102f8100099ad0e
470;8102f810009b2808
471;8102f81000a0bc02
472;8102f81000b9cc0c
473;0102f810041f2d89
474;0102f810041fad51
475;0102f810041fe543
476;0102f810070804a9
477;0102f81007086b47
478;8102f81000999f04
479;8102f81000999f07
480;8102f8100099a001
481;8102f8100099a002
482;8102f8100099a10a
483;8102f810009c5108
484;8102f810009ec601
485;8102f81000a45d08
486;8102f81000aeeb04
487;0102f810041f183e
488;0102f810041f5be2
489;0102f810041f8df6
490;0102f810041fec42
491;0102f8105109307a
492;0102f81051095b03
493;8102f81000997905
494;8102f81000998406
495;8102f81000999508
496;8102f8100099a00a
497;8102f81000a45d01
498;8102f81000a68d07
499;0102f810041f7750
500;0102f810041fa4ec
501;0102f810041fc076
502;0102f81051095b26
503;8102f81000997708
504;8102f8100099770c
505;8102f81000998b04
506;8102f8100099ae05
507;8102f8100099b302
508;8102f8100099b502
509;8102f810009c5d0b
510;8102f81000a10509
511;0102f810041f067b
512;0102f810041f1ff3
513;0102f810041f4def
514;0102f810950000c8
515;8102f81000997207
516;8102f8100099920b
517;8102f810009b2805
518;8102f810009e8301
519;8102f81000adc801
520;8102f81000aeed05
521;0102f810041f0785
522;0102f810041f166e
523;0102f810041f33cf
524;0102f810041f7ca2
525;0102f81051090d0e
526;8102f81000994e01
527;8102f81000995b08
528;8102f8100099a30b
529;8102f81000ba4d04
530;0102f810041f0fd9
531;0102f810041f32a4
532;0102f810041f3e50
533;0102f810041fab5d
534;0102f810041fb070
535;0102f8105109060f
536;0102f8105109a404
537;8102f81000995f0b
538;8102f81000998e0b
539;8102f81000999c09
540;8102f81000999e0b
541;8102f8100099ab09
542;8102f8100099b00c
543;8102f8100099b301
544;8102f8100099b704
545;8102f81000a4bb08
546;0102f810041e4be1
547;0102f810041f327b
548;0102f810041f3c31
549;0102f810041f448b
550;0102f810041f4d5e
551;0102f810041f6176
552;0102f810041f68bd
553;0102f810041f8c09
554;0102f810041f933a
555;0102f810041fc972
556;0102f810041fe508
557;0102f8100708ed71
558;8102f81000996c02
559;8102f8100099b702
560;8102f81000a1f104
561;8102f81000aeef03
562;0102f810041f6599
563;0102f810041f6731
564;0102f810041f6e95
565;0102f810041fc4f3
566;0102f81007082f3f
567;8102f81000998f08
568;8102f81000999e07
569;8102f810009f1703
570;8102f81000b9c905
571;0102f810041e02ec
572;0102f810041e28aa
573;0102f810041e340e
574;0102f810041f721f
575;0102f810041fb424
576;0102f810041fbde8
577;0102f810041fef3c
578;0102f810070872b4
579;0102f81007089448
580;0102f8100708c123
581;0102f8100708d5dc
582;0102f810510979b1
583;8102f81000997209
584;8102f810009eab01
585;0102f810041e6576
586;0102f810041f305f
587;0102f810041f82fe
588;0102f8100708841f
589;0102f8100708a96d
590;0102f8100708bc56
591;0102f81051090deb
592;0102f8105109a34d
593;8102f81000996503
594;8102f81000997502
595;8102f8100099b102
596;8102f8100099c603
597;8102f81000b9c908
598;0102f810041e340b
599;0102f810041e340d
600;0102f810041f2f9a
601;0102f810041fd8da
602;0102f810041fdb9e
603;0102f8100708a79c
604;0102f8100708b7f1
605;0102f8105109006d
606;8102f81000995b07
607;8102f81000995f02
608;8102f8100099c607
609;8102f81000a21604
610;0102f810041f181e
611;0102f810041f374b
612;0102f81051090078
613;0102f81051099cbc
614;8102f81000995309
615;8102f8100099a104
616;8102f8100099c609
617;0102f810041f3e00
618;0102f810041f47a5
619;0102f810041f58af
620;0102f8100708058e
621;0102f81007080eeb
622;0102f81007081938
623;8102f81000997d09
624;8102f81000a45d09
625;0102f810041e4bdf
626;0102f810041f166d
627;0102f810041f2a86
628;0102f810041f72ff
629;0102f810041f790f
630;0102f810041f856b
631;0102f81007082b17
632;0102f8100708a163
633;0102f8100708ea96
634;0102f81051096720
635;0102f8105109f107
636;8102f81000a41e03
637;0102f810041f2558
638;0102f810041f2eeb
639;0102f810041f50ce
640;0102f810041f723e
641;0102f810041f899a
642;0102f810041fbfe4
643;0102f810041fddb6
644;0102f8100708d988
645;0102f8105109d44e
646;8102f81000995e09
647;8102f81000999307
648;8102f81000999606
649;8102f8100099ac07
650;8102f8100099ad0d
651;8102f81000a8b604
652;0102f810041f3747
653;0102f810041f8d7d
654;0102f810041fa6c1
655;0102f810041ff10a
656;0102f810070807f5
657;0102f81007086c20
658;0102f8100708f558
659;0102f81051090077
660;0102f8105109bcc9
661;8102f81000995e07
662;0102f810041f6823
663;0102f810041fb42d
664;0102f8105109cd04
665;8102f81000998e0c
666;8102f8100099c005
667;8102f81000a03205
668;8102f81000a0320b
669;0102f810041e18ab
670;0102f810041e5f77
671;0102f810041ea8c9
672;0102f810041f2556
673;0102f810041f3add
674;0102f810041f6c30
675;0102f810041f75fc
676;0102f810041fbc08
677;0102f810041fbc87
678;0102f8100708e812
679;8102f810009f1704
680;0102f810041f08a9
681;0102f810041ff8a3
682;0102f8104e21f840
683;0102f8105109d80d
684;8102f81000995e04
685;8102f81000997902
686;8102f8100099c008
687;0102f810041e80b1
688;0102f810041f1839
689;0102f810041f33d0
690;0102f810041f5125
691;0102f810041f8df7
692;0102f810041fa485
693;0102f810041fe854
694;0102f8100708925c
695;8102f81000995204
696;8102f8100099590b
697;8102f8100099a003
698;8102f8100099a008
699;8102f8100099ac08
700;8102f8100099c605
701;8102f810009e8302
702;8102f810009ec604
703;8102f81000a9da02
704;8102f81000b9c804
705;8102f81000b9cc09
706;8102f81000bad005
707;0102f810041f2eef
708;0102f810041f9d7e
709;0102f8105109f22d
710;0102f81095000085
711;8102f81000995306
712;8102f8100099700a
713;8102f81000997302
714;8102f810009d2e08
715;0102f810041f33d1
716;0102f810041f51c0
717;0102f810041f9b71
718;0102f810041fa026
719;0102f810041fb441
720;0102f81051090da5
721;8102f8100099650a
722;8102f8100099b207
723;8102f8100099c602
724;0102f810041e7556
725;0102f810041f11ab
726;0102f810041f6f77
727;0102f810041f7f1c
728;0102f810041fdab5
729;0102f81051093e65
730;8102f81000996403
731;8102f81000999404
732;8102f81000999e0a
733;8102f8100099a206
734;8102f8100099b901
735;8102f8100099bc02
736;8102f810009e8307
737;8102f810009eab02
738;8102f81000a12702
739;8102f81000a45d06
740;8102f81000a8b607
741;8102f81000ac0403
742;8102f81000babe04
743;0102f810041f1b49
744;0102f810041f3d45
745;0102f810041f47cc
746;0102f810041f9548
747;0102f810041fa752
748;0102f81007083c23
749;0102f81051090be3
750;8102f8100099530b
751;8102f81000995806
752;8102f81000995e05
753;8102f81000997509
754;8102f81000997701
755;8102f8100099a004
756;8102f8100099a80c
757;8102f81000ac0406
758;0102f810041e9a51
759;0102f810041f06e7
760;0102f810041f0784
761;0102f810041f324c
762;0102f810041f70b2
763;0102f810041fd1d3
764;0102f810041fd480
765;0102f81007089412
766;8102f81000996902
767;8102f81000997908
768;8102f81000998a02
769;8102f81000999609
770;8102f8100099a10c
771;8102f810009e8309
772;8102f81000a4bb06
773;0102f810041f03c9
774;0102f810041f2273
775;0102f810041f353d
776;0102f810041f5439
777;0102f810041f58ad
778;0102f810041f62ae
779;0102f810041fb480
780;0102f810041fbb21
781;8102f8100099790c
782;8102f81000999c03
783;8102f8100099b903
784;8102f810009b9205
785;8102f81000ac040b
786;0102f81004130002
787;0102f810041f4df3
788;0102f81051090083
789;0102f81051098abf
790;0102f8105109c444
791;0102f810041e2885
792;0102f810041f19b7
793;0102f810041f3249
794;0102f810041f5704
795;0102f810041f6d5a
796;0102f810041fa864
797;0102f810041fe5bd
798;0102f810041feda3
799;8102f81000997003
800;8102f81000999c0b
801;8102f8100099ac06
802;8102f810009f2605
803;8102f81000ac040d
804;8102f81000aef403
805;0102f810041f9875
806;0102f810041fabd5
807;0102f81007088caa
808;0102f8100708f56a
809;8102f8100099580a
810;8102f8100099ad0b
811;8102f8100099b00a
812;8102f810009e830a
813;8102f81000aeec02
814;0102f810041f2cb7
815;0102f810041f4753
816;0102f810041f89bb
817;0102f810041fcee2
818;0102f810041fef87
819;0102f81007083944
820;0102f8100708eaf8
821;0102f810510962ef
822;0102f8105109ae04
823;0102f81095000121
824;8102f81000995802
825;8102f81000998e02
826;8102f8100099aa03
827;0102f810041f12dc
828;0102f810041f3786
829;0102f810041f8b6b
830;0102f810041f8c63
831;0102f810041fb56c
832;0102f810041fc5ae
833;0102f81007087738
834;0102f81095000133
835;8102f8100099520c
836;8102f81000995603
837;8102f81000999c0c
838;8102f810009d2e07
839;8102f81000a41e01
840;0102f810041f11a7
841;0102f810041f21cd
842;0102f810041f9c42
843;0102f810041fd39e
844;0102f810041fd67d
845;0102f81007081fa2
846;0102f810070839c0
847;0102f8105109e1ea
848;8102f81000995308
849;8102f8100099790a
850;8102f81000999608
851;8102f81000999e01
852;8102f8100099ae06
853;8102f81000ac040c
854;0102f810041f0952
855;0102f810041f58ae
856;0102f810041f5e72
857;0102f810041ff3e1
858;0102f8100708969d
859;8102f81000997904
860;8102f81000998b01
861;8102f81000999e04
862;8102f8100099a108
863;8102f81000a03201
864;0102f810041e18ac
865;0102f810041f41ee
866;0102f810041f7d0e
867;0102f810041fe244
868;0102f81007081dec
869;0102f8100708a38d
870;8102f81000995305
871;8102f810009e8303
872;8102f81000a03207
873;0102f810041f19a2
874;0102f810041f1edb
875;0102f810041f2eb3
876;0102f810041f3691
877;0102f810041f3e23
878;0102f810070860f7
879;0102f810070874f5
880;0102f8100708780a
881;0102f8100708a77e
882;8102f81000995f05
883;8102f81000a0ae01
884;8102f81000a1f101
885;8102f81000aeec05
886;8102f81000babe07
887;0102f810041e56ff
888;0102f810041f1796
889;0102f810070822ec
890;0102f810070823f3
891;0102f810070829f4
892;0102f8105109fc99
893;8102f81000994e03
894;8102f81000996309
895;8102f81000998302
896;8102f8100099a204
897;8102f8100099b508
898;8102f81000aeeb05
899;8102f81000bad004
900;0102f810041ef5e4
901;0102f810041f183b
902;0102f810041fe396
903;0102f810041fe99d
904;0102f81007088e5f
905;0102f81051090086
906;8102f81000994e05
907;8102f81000995206
908;8102f81000995601
909;8102f81000999207
910;8102f81000999601
911;8102f81000999e02
912;8102f81000999e08
913;8102f8100099aa02
914;8102f810009fd801
915;8102f81000a1f10a
916;0102f810041e6578
917;0102f810041f2e74
918;0102f810070848e9
919;8102f81000996401
920;8102f8100099650b
921;8102f8100099b604
922;8102f81000a05001
923;0102f810041f1790
924;0102f810041f6582
925;0102f810041fa0f9
926;0102f810041fb183
927;0102f810041fb985
928;0102f810041fdbfb
929;0102f8105109006c
930;8102f81000998c0a
931;8102f81000999501
932;8102f810009c5d0c
933;8102f81000a05010
934;8102f81000a93202
935;8102f81000aef401
936;0102f810041e50d7
937;0102f810041f02ba
938;0102f810041f041c
939;0102f810041f3fce
940;0102f810070812c7
941;0102f8100708181a
942;0102f81051090079
943;8102f81000996802
944;8102f81000997704
945;8102f81000998b09
946;8102f81000a10508
947;8102f81000a4bb05
948;8102f81000a78302
949;8102f81000aeec03
950;8102f81000b9cc02
951;0102f810041f3093
952;0102f810041f324a
953;0102f810041f33ec
954;0102f8100708f5e7
955;0102f8105109cec4
956;8102f81000a10503
957;0102f810041f944b
958;0102f810041fc467
959;0102f81095000123
960;8102f81000995602
961;8102f81000995e0a
962;8102f81000996901
963;8102f81000998309
964;8102f8100099ac05
965;8102f810009f1707
966;0102f810041f41bc
967;0102f810041f5e81
968;0102f810041f80ae
969;0102f810041f8356
970;0102f810041fb716
971;0102f81007086718
972;0102f8100708ca31
973;0102f8100708e385
974;8102f81000999301
975;8102f8100099b003
976;8102f810009c510c
977;8102f810009f1708
978;8102f81000a4d901
979;0102f810041f3a10
980;0102f810041f49a5
981;0102f810041fc8d2
982;0102f810041fcdf2
983;0102f810070814c2
984;0102f81051090070
985;8102f81000996502
986;8102f81000998c02
987;8102f81000a10505
988;0102f810070872b3
989;0102f8105109d87e
990;8102f81000996406
991;8102f81000999204
992;8102f8100099d501
993;8102f810009b9201
994;8102f81000a05002
995;8102f81000a12705
996;0102f810041f527f
997;0102f810041f742b
998;0102f810041ff340
999;8102f81000996405
1000;8102f81000996c0a
1001;8102f81000997d07
1002;8102f81000999602
1003;8102f81000999c05
1004;8102f81000a78303
1005;8102f81000b9cc07
1006;0102f810041f0bf1
1007;0102f810041f4fdb
1008;0102f810041fa01a
1009;0102f810041fc01a
1010;0102f810070807a5
1011;0102f81007088274
1012;0102f8105109da56
1013;0102f81095000122
1014;8102f81000995c0c
1015;8102f81000996305
1016;8102f81000998e04
1017;8102f81000a05004
1018;0102f810041e4c03
1019;0102f810041f3481
1020;0102f810041f581f
1021;0102f810041f8ddb
1022;0102f810041fcf2d
1023;0102f81007084a91
1024;0102f8100708c623
1025;0102f81051098cf7
1026;0102f81095000378
1027;8102f81000995704
1028;8102f81000996c07
1029;8102f8100099b608
1030;8102f81000ae4b04
1031;8102f81000ae8f03
1032;0102f810041f31e6
1033;0102f810041f5700
1034;0102f810041f5f36
1035;0102f810041f7075
1036;0102f81007089f85
1037;0102f8100708a137
1038;8102f81000996803
1039;8102f8100099a304
1040;8102f8100099ab03
1041;8102f8100099bd09
1042;8102f810009f1701
1043;0102f810041f202d
1044;0102f810041f2ad1
1045;0102f810041f2cb8
1046;0102f810041f2eec
1047;0102f810041f3483
1048;0102f810041fad97
1049;8102f81000999e09
1050;8102f8100099a005
1051;8102f81000a13302
1052;8102f81000aeec01
1053;0102f810041e50d6
1054;0102f810041f02bd
1055;0102f810041f06e1
1056;0102f810041fc9ff
1057;0102f810070857d3
1058;0102f8100708f4fa
1059;0102f810041f189e
1060;0102f810041f8f1e
1061;0102f810041fc0d6
1062;0102f810041fdccd
1063;0102f810041fecc8
1064;0102f810041ff99a
1065;0102f81051094647
1066;8102f81000998b03
1067;8102f810009fd601
1068;8102f81000b9cb08
1069;0102f810041ec43f
1070;0102f810041f8f0b
1071;0102f810041f9a97
1072;0102f810041fac7e
1073;8102f8100099520b
1074;8102f810009c5104
1075;8102f81000aeeb01
1076;0102f810041e2d59
1077;0102f810041f2a81
1078;0102f810041f3fa9
1079;0102f810041f7911
1080;0102f810041f7f7a
1081;0102f810041f8924
1082;0102f810041f98fe
1083;0102f810041fde2c
1084;8102f81000995f03
1085;8102f81000997d02
1086;8102f8100099a30c
1087;8102f8100099ac0c
1088;8102f8100099b30c
1089;8102f81000babe03
1090;0102f810041e18aa
1091;0102f810041f2a0b
1092;0102f810041f2d3e
1093;0102f810041f3a0e
1094;0102f810041f3e52
1095;0102f810041ffcae
1096;0102f8100708059d
1097;8102f8100099640c
1098;8102f81000996c01
1099;8102f81000997008
1100;8102f81000999c08
1101;8102f8100099aa01
1102;8102f8100099c003
1103;8102f81000a10506
1104;0102f810041f3376
1105;0102f810041f503c
1106;0102f810041f7193
1107;0102f810041fa157
1108;0102f810041fc5ce
1109;0102f81007085ec5
1110;0102f81007089905
1111;0102f8100708a3a3
1112;8102f8100099ab06
1113;8102f8100099c004
1114;0102f810041e50d8
1115;0102f810041e9deb
1116;0102f810041f0045
1117;0102f810041f2454
1118;0102f810041f2eb2
1119;0102f810041fa9c1
1120;0102f810041fc00c
1121;0102f8105109006f
1122;8102f81000995207
1123;8102f81000995c0b
1124;8102f81000998c0b
1125;8102f8100099ac0a
1126;8102f8100099b603
1127;0102f810041e885e
1128;0102f810041f04a6
1129;0102f810041f9288
1130;0102f810041f9564
1131;0102f810041fa401
1132;0102f810041fe4d7
1133;0102f81051090068
1134;8102f81000995c05
1135;8102f8100099720b
1136;8102f81000999a06
1137;8102f8100099b20a
1138;8102f81000a45d05
1139;8102f81000a88102
1140;8102f81000ac0409
1141;8102f81000aef402
1142;0102f810041f2ad4
1143;0102f810041f50cb
1144;0102f810041f55fe
1145;0102f810041fed0b
1146;0102f81051092cb3
1147;8102f81000995e01
1148;8102f81000997204
1149;8102f8100099a00b
1150;8102f8100099a807
1151;8102f810009c5d04
1152;8102f810009c5d0a
1153;8102f81000aeeb06
1154;0102f810041f1745
1155;0102f810041f3e4f
1156;0102f810041f4eb1
1157;0102f810041feca6
1158;0102f810041ffae9
1159;0102f8100708a50e
1160;8102f81000995c03
1161;8102f81000998f04
1162;8102f81000a1050a
1163;0102f810041f3e1f
1164;0102f810041fcb46
1165;0102f810041fd77c
1166;0102f81007082b1a
1167;0102f81007082d73
1168;0102f8100708dda4
1169;0102f810510916e3
1170;8102f8100099ab0a
1171;8102f81000a12708
1172;8102f81000a13304
1173;8102f81000a41e02
1174;8102f81000a4d905
1175;8102f81000a68d04
1176;0102f810041f1fb5
1177;0102f810041f33e5
1178;0102f810041f7248
1179;0102f810041fbb84
1180;0102f810041fc87d
1181;0102f810041fcdbd
1182;0102f81007086622
1183;0102f8105109fe28
1184;8102f81000996c03
1185;8102f81000997504
1186;8102f8100099b001
1187;8102f8100099b007
1188;8102f81000a88101
1189;8102f81000ae7e01
1190;8102f81000b9c903
1191;0102f810041f0245
1192;0102f810041f721c
1193;0102f810041fa14a
1194;0102f810041ff539
1195;0102f8100708a6aa
1196;0102f81050fd7d69
1197;0102f8105109005a
1198;0102f8105109396f
1199;8102f8100099930a
1200;8102f8100099ad07
1201;8102f81000a13305
1202;8102f81000bad002
1203;0102f810041f1eba
1204;0102f810041fbfb9
1205;0102f8100708092b
1206;0102f81007084dfc
1207;8102f8100099520a
1208;8102f81000995a01
1209;8102f81000995e03
1210;8102f81000996307
1211;8102f81000996c08
1212;8102f8100099b904
1213;8102f81000bad003
1214;0102f810041f266a
1215;0102f810041f3e1e
1216;0102f810041f8493
1217;0102f810070889a4
1218;0102f8100708ac73
1219;8102f81000999a08
1220;8102f8100099b101
1221;8102f8100099b309
1222;8102f810009c5107
1223;8102f81000a10507
1224;8102f81000b9cb06
1225;0102f810041f012d
1226;0102f810041f74d4
1227;0102f810041f78cd
1228;0102f810041f815a
1229;0102f810041fa9f1
1230;0102f810041fcd2c
1231;0102f810041fd1b8
1232;0102f810041fed5d
1233;0102f810070828e2
1234;0102f8105109487b
1235;8102f81000999a04
1236;8102f8100099a30a
1237;8102f810009c5d09
1238;8102f81000ae4b06
1239;8102f81000aede01
1240;8102f81000b9cb07
1241;8102f81000bad00b
1242;0102f810041f30f4
1243;0102f810041f32a9
1244;0102f810041f3339
1245;0102f810041f3f5c
1246;0102f810041f613e
1247;0102f810041f7913
1248;0102f810041fb8eb
1249;0102f810041fc949
1250;0102f810041fcef5
1251;0102f8100708c9fe
1252;8102f81000995903
1253;8102f81000996302
1254;8102f81000997d0a
1255;8102f810009b9206
1256;8102f810009d2e09
1257;0102f810041e3c5c
1258;0102f810041f4df0
1259;0102f810041f7912
1260;0102f810041f8277
1261;0102f810041f943d
1262;0102f810041fc5a9
1263;8102f81000997009
1264;8102f81000999a03
1265;8102f8100099a106
1266;8102f8100099b50a
1267;8102f8100099c606
1268;8102f81000b9c909
1269;0102f810041f327c
1270;0102f810041f6865
1271;0102f810041f9177
1272;0102f810041f9450
1273;0102f810041f98bb
1274;0102f81007084b28
1275;0102f8100708e57b
1276;8102f81000995e08
1277;8102f81000a12704
1278;8102f81000ac040e
1279;8102f81000babe08
1280;8102f81000bad008
1281;0102f810041f44a7
1282;0102f810041f54a0
1283;8102f81000995b01
1284;8102f81000995c07
1285;8102f81000997007
1286;8102f8100099b204
1287;8102f8100099bc04
1288;8102f81000a45d0c
1289;0102f810041e4be2
1290;0102f810041f0fb7
1291;0102f810041f256c
1292;0102f810041f3e30
1293;0102f810041f7448
1294;0102f810041f9037
1295;0102f810041fbed3
1296;0102f810041fc5aa
1297;8102f81000995208
1298;8102f810009c5d05
1299;8102f81000b9cc05
1300;0102f810041e3409
1301;0102f810041f2a96
1302;0102f810041f32a2
1303;0102f810041f3d42
1304;0102f810041f5865
1305;0102f810070856b5
1306;8102f81000995a03
1307;8102f81000995a06
1308;8102f81000a88103
1309;0102f810041f03b6
1310;0102f810041f3248
1311;0102f810041f61f5
1312;0102f810041f7214
1313;0102f810041fd6b2
1314;0102f810070804f8
1315;0102f8100708dcb9
1316;8102f81000995804
1317;8102f81000995a0b
1318;8102f81000995b0b
1319;8102f8100099750a
1320;8102f81000997909
1321;8102f8100099b509
1322;8102f810009b9208
1323;8102f810009c5d03
1324;8102f81000a4d301
1325;8102f81000bad009
1326;0102f810041ec411
1327;0102f810041f177d
1328;0102f810041f333e
1329;0102f810041f5701
1330;0102f810041fc5ad
1331;0102f810041ffa57
1332;0102f810070872b2
1333;8102f8100099700c
1334;8102f8100099830c
1335;8102f81000998c07
1336;8102f8100099ab07
1337;8102f8100099b307
1338;8102f8100099b609
1339;8102f81000a4d302
1340;8102f81000ac0401
1341;0102f810041f012f
1342;0102f810041f37ac
1343;0102f810041fecbf
1344;0102f8100708fac8
1345;0102f81051095c86
1346;8102f81000999405
1347;8102f81000999408
1348;8102f81000a12701
1349;8102f81000aeee02
1350;8102f81000aeee05
1351;8102f81000b9cc08
1352;0102f810041f02bc
1353;0102f810041f06e3
1354;0102f810041f327e
1355;0102f810070815eb
1356;0102f8100708a261
1357;0102f81051090067
1358;8102f81000996301
1359;8102f8100099a006
1360;8102f8100099b205
1361;8102f8100099b206
1362;8102f81000ae8f06
1363;8102f81000aeca04
1364;0102f810041f305d
1365;0102f810041f3655
1366;0102f810041f3c6d
1367;0102f81051090059
1368;0102f81051092d41
1369;8102f81000995706
1370;8102f81000997709
1371;8102f81000999203
1372;8102f8100099b103
1373;8102f8100099b605
1374;8102f810009f2601
1375;8102f81000a10502
1376;0102f810041f2eb4
1377;0102f810041f62a2
1378;0102f810041fa3cf
1379;0102f810041fa3f6
1380;0102f810041fd52c
1381;0102f8100708d1e1
1382;8102f81000996c04
1383;8102f81000996c0b
1384;8102f8100099a801
1385;8102f81000a21607
1386;8102f81000b9c805
1387;0102f810041f3ced
1388;0102f810041f543c
1389;0102f810041fa580
1390;0102f810041fb142
1391;0102f810041ff3f8
1392;0102f81007085bfb
1393;8102f8100099690b
1394;8102f810009c5109
1395;8102f810009e8304
1396;0102f810041e208c
1397;0102f810041f2a83
1398;0102f810041f36c7
1399;0102f810041f38aa
1400;0102f810041f4674
1401;0102f810041f721e
1402;0102f810041fbcdf
1403;0102f81007083d8e
1404;0102f81007084dac
1405;0102f810070893bc
1406;0102f8100708ca0f
1407;0102f81095000374
1408;8102f81000995a0a
1409;8102f81000997507
1410;8102f81000998c01
1411;8102f81000998f0b
1412;8102f81000999a02
1413;8102f8100099aa05
1414;8102f8100099ae04
1415;8102f810009e830b
1416;0102f810041f3ed6
1417;0102f810041f4907
1418;0102f810041f913c
1419;0102f810041fffdf
1420;0102f8100708905c
1421;0102f8100708ec56
1422;0102f810510921ca
1423;0102f810951402fd
1424;8102f81000999406
1425;8102f8100099ac01
1426;8102f810009f2606
1427;0102f810041e8175
1428;0102f810041f3115
1429;0102f810041f3482
1430;0102f810041f360e
1431;0102f810041f7176
1432;0102f810041f7b52
1433;0102f810041f980f
1434;8102f81000995209
1435;8102f81000995908
1436;8102f81000996501
1437;8102f81000a8b601
1438;8102f81000a9da03
1439;0102f810041f3485
1440;0102f810041f3cec
1441;0102f810041f4c38
1442;0102f810041fa508
1443;0102f810041fad37
1444;0102f810041fdf48
1445;0102f810041fdf66
1446;8102f81000997202
1447;8102f8100099b908
1448;0102f810041f1670
1449;0102f810041f2a82
1450;0102f810041f784e
1451;0102f810041f8df5
1452;0102f810041fa791
1453;0102f810041fc9f7
1454;0102f810041fe5d9
1455;0102f81051093255
1456;8102f81000995707
1457;8102f81000995a05
1458;8102f81000995c09
1459;8102f81000996903
1460;8102f81000996904
1461;8102f81000a13307
1462;8102f81000bad00a
1463;0102f810041f04e5
1464;0102f810041f2ca4
1465;0102f810041f3e51
1466;0102f810041f8dd7
1467;0102f810041f94cc
1468;0102f81007087b87
1469;0102f81007088ca5
1470;8102f81000995605
1471;8102f81000999f03
1472;8102f81000999f05
1473;8102f81000aeca02
1474;0102f810041ff19c
1475;0102f810041ff1e3
1476;0102f81095140300
1477;8102f81000995b04
1478;8102f81000999e05
1479;8102f8100099b104
1480;0102f810041ed796
1481;0102f810041f2eee
1482;0102f810041f5cac
1483;0102f810041f721b
1484;0102f810041f7910
1485;0102f81051090e4a
1486;0102f8105109cec8
1487;8102f81000995f09
1488;8102f81000996909
1489;8102f81000998305
1490;8102f81000998e08
1491;8102f81000a41d02
1492;8102f81000babe02
1493;0102f810041f1db4
1494;0102f810041f48e1
1495;0102f810041f55da
1496;0102f810041f9cdb
1497;0102f810070857c7
1498;0102f81007085d57
1499;0102f8100708a8a8
1500;0102f8105109593c
1501;8102f81000999202
1502;8102f8100099a102
1503;8102f8100099ad09
1504;8102f81000aef002
1505;0102f810041f0242
1506;0102f810041f2689
1507;0102f810041f2eaf
1508;0102f810041f3a0f
1509;0102f810041f8dfa
1510;0102f81007083694
1511;0102f8100708f2d1
1512;8102f81000995708
1513;8102f81000997001
1514;8102f81000999e0c
1515;8102f8100099b105
1516;0102f810041ecc31
1517;0102f810041f181b
1518;0102f810041f8af1
1519;0102f810041f9d56
1520;0102f8100708880a
1521;0102f8100708f9c9
1522;0102f81051093e61
1523;0102f81051098940
1524;8102f8100099690c
1525;8102f81000999a05
1526;8102f81000aeca01
1527;0102f810041f32a1
1528;0102f810041f3382
1529;0102f810041f8455
1530;0102f810041f9342
1531;0102f810041ff0bb
1532;0102f8100708ced4
1533;0102f8105109abb9
1534;0102f8105109c011
1535;8102f81000995b02
1536;8102f81000997301
1537;8102f810009d2e02
1538;8102f81000a13306
1539;8102f81000a4bb01
1540;0102f810041f24c3
1541;0102f810041ff2ea
1542;0102f8100708f7f1
1543;8102f81000995604
1544;8102f81000998e07
1545;8102f8100099ab0b
1546;8102f8100099b905
1547;8102f810009c5106
1548;8102f81000a49703
1549;0102f810041f2062
1550;0102f810041f6622
1551;0102f810041f68f2
1552;0102f810041f7332
1553;0102f810041f8283
1554;0102f810041fcf19
1555;0102f810070831d4
1556;8102f81000995607
1557;8102f81000995901
1558;8102f81000995f06
1559;8102f8100099ae02
1560;8102f81000a4bb09
1561;8102f81000a78304
1562;0102f810041f06e6
1563;0102f810041f43cd
1564;0102f810041f58b1
1565;0102f810041f624d
1566;0102f81007089089
1567;0102f81051091a40
1568;0102f8105109642d
1569;0102f810950000c7
1570;8102f81000996407
1571;8102f81000997201
1572;8102f8100099950c
1573;8102f8100099b005
1574;8102f81000a68d06
1575;0102f810041e340c
1576;0102f810041f3247
1577;0102f810041f6df2
1578;0102f810041f86ae
1579;0102f810041fa734
1580;0102f810041ff7d5
1581;0102f81051090058
1582;0102f81051099cb7
1583;0102f81095000376
1584;8102f81000998e03
1585;8102f8100099960c
1586;8102f81000999c0a
1587;8102f8100099bd07
1588;8102f81000a45d03
1589;0102f810041f00dc
1590;0102f810041f3185
1591;0102f810041f3d83
1592;0102f810041f4075
1593;0102f810041f567e
1594;0102f810041f56a5
1595;0102f810041f7220
1596;0102f810041f8251
1597;0102f810041f8939
1598;0102f810041fd649
1599;0102f810041fe744
1600;0102f810041ff570
1601;0102f8100708a348
1602;0102f810951402ff
1603;8102f81000995302
1604;8102f81000996504
1605;8102f81000996505
1606;8102f8100099ae07
1607;8102f81000a11b05
1608;8102f81000a1f10c
1609;8102f81000aef404
1610;8102f81000b9c906
1611;0102f810041fe6d7
1612;0102f810041fe938
1613;0102f81007087812
1614;0102f8105109005c
1615;0102f8105109007c
1616;8102f81000998f01
1617;8102f8100099a303
1618;8102f8100099ab04
1619;8102f8100099b004
1620;8102f81000ac0404
1621;8102f81000ae7b02
1622;8102f81000aeee03
1623;0102f810041f6581
1624;0102f810041f6dd0
1625;0102f810041f748c
1626;0102f810041f9c46
1627;0102f810041fc327
1628;0102f810041fdae4
1629;0102f8100708fb9b
1630;8102f81000999f02
1631;8102f810009d2e04
1632;8102f810009f6a02
1633;8102f81000a13301
1634;8102f81000bad007
1635;0102f810041f1dca
1636;0102f810041f49ff
1637;0102f810041f7425
1638;0102f810041f88f5
1639;0102f810041fc7ae
1640;0102f810041fd231
1641;0102f81007089e8d
1642;0102f8100708a9ba
1643;0102f81051093e28
1644;8102f81000995a02
1645;8102f81000996c05
1646;8102f81000999306
1647;8102f810009bbf02
1648;0102f810041e0c51
1649;0102f810041f58b2
1650;0102f810041fbeb9
1651;0102f810041ff4a3
1652;0102f810950000c9
1653;8102f81000995205
1654;8102f81000995a09
1655;8102f8100099a306
1656;8102f8100099c60a
1657;8102f81000b9c808
1658;8102f81000b9cc03
1659;0102f810041e5371
1660;0102f810041fe078
1661;0102f8100708b8b2
1662;0102f8105109e0f7
1663;8102f81000998c0c
1664;8102f81000999506
1665;8102f8100099b106
1666;0102f810041f0c01
1667;0102f810041f1820
1668;0102f810041f34ac
1669;0102f810041f4037
1670;0102f810041fa200
1671;0102f810041fa24c
1672;0102f810041fe041
1673;0102f8105109b50c
1674;8102f81000995905
1675;8102f81000996906
1676;8102f81000996c0c
1677;8102f81000998b06
1678;8102f8100099a201
1679;8102f810009f2603
1680;8102f81000a0bc03
1681;8102f81000a78301
1682;8102f81000a88106
1683;0102f810041ef388
1684;0102f810041f6dbe
1685;0102f810951402fc
1686;8102f81000998e09
1687;8102f8100099b306
1688;8102f810009b9202
1689;8102f81000ae7e02
1690;8102f81000babe06
1691;0102f810041f2eb0
1692;0102f810041f32a5
1693;0102f810041f6673
1694;0102f810041f7d21
1695;0102f810070815ad
1696;0102f8100708cf5b
1697;0102f810951402fb
1698;8102f81000999205
1699;8102f8100099950a
1700;8102f8100099b504
1701;8102f810009d2e06
1702;8102f810009f4e01
1703;8102f810009f6a03
1704;0102f810041f33cd
1705;0102f810041f718f
1706;0102f810041fbce8
1707;0102f81007083bec
1708;8102f81000999303
1709;8102f8100099b006
1710;8102f81000a68d05
1711;0102f810041f0131
1712;0102f810041f3060
1713;0102f810041f7216
1714;0102f810041fad80
1715;0102f81007080a6c
1716;8102f81000995808
1717;8102f81000998308
1718;8102f8100099b008
1719;8102f810009c5d01
1720;8102f81000a88104
1721;8102f81000aef001
1722;0102f810041e18a9
1723;0102f810041e50d4
1724;0102f810041f30f8
1725;0102f810041f5e92
1726;0102f8100708778a
1727;0102f810510945e6
1728;8102f81000995f04
1729;8102f81000997002
1730;8102f81000999a01
1731;8102f8100099b202
1732;8102f8100099b208
1733;8102f8100099bd08
1734;8102f81000a1f109
1735;8102f81000a21601
1736;0102f810041f162e
1737;0102f810041f3279
1738;0102f810041f3748
1739;0102f810041f3a0d
1740;0102f810041f3bfe
1741;0102f810041fa858
1742;0102f810041fed1f
1743;8102f8100099580b
1744;8102f81000995b03
1745;8102f8100099a103
1746;8102f81000a45d0a
1747;8102f81000ae7b01
1748;0102f810041f228a
1749;0102f810041f7278
1750;0102f810041f9838
1751;0102f810041fe303
1752;0102f810041ff4c1
1753;0102f81051094f16
1754;0102f8105109a48f
1755;8102f81000995807
1756;8102f81000995c08
1757;8102f8100099b606
1758;8102f810009c5d08
1759;8102f810009f6a01
1760;8102f81000b9cc04
1761;0102f810041e50d3
1762;0102f810041f33ce
1763;0102f810041f6ab4
1764;0102f810041f72ae
1765;0102f810041f8cd1
1766;0102f810070887ec
1767;0102f8100708d920
1768;0102f8105109006b
1769;0102f8105109951f
1770;8102f81000995801
1771;8102f81000998f06
1772;8102f81000999c04
1773;8102f810009ec603
1774;0102f810041e7422
1775;0102f810041fa3ed
1776;0102f810041fbde5
1777;8102f81000995b0a
1778;8102f81000995c04
1779;8102f8100099a105
1780;8102f81000a12707
1781;0102f810041f2bf1
1782;0102f810041f53e7
1783;0102f810041ffc1e
1784;0102f810041ffd92
1785;0102f8100708148a
1786;0102f8100708e888
1787;8102f81000998306
1788;8102f8100099b507
1789;0102f810041e61f9
1790;0102f810041ecaf1
1791;0102f810041f17c0
1792;0102f810041f2a84
1793;0102f810041fa248
1794;0102f81007084fb3
1795;0102f81051090069
1796;8102f81000995904
1797;8102f8100099920a
1798;8102f8100099a00c
1799;8102f81000a45d02
1800;0102f810041ee654
1801;0102f810041f32a3
1802;0102f810041f6427
1803;0102f810041fbce4
1804;0102f810041fc804
1805;0102f810041ff286
1806;0102f81007081d17
1807;0102f8100708e3e1
1808;8102f81000996506
1809;8102f81000999c06
1810;8102f8100099a805
1811;8102f8100099ac02
1812;8102f81000ae4b01
1813;0102f810041f01eb
1814;0102f810041f8f40
1815;0102f81007080e16
1816;0102f81007081cd3
1817;0102f81007085899
1818;0102f81007085da9
1819;0102f8105109b8fc
1820;8102f81000994e08
1821;8102f81000995201
1822;8102f81000995c06
1823;8102f81000997706
1824;8102f81000999201
1825;8102f8100099ab05
1826;8102f810009c5d07
1827;8102f81000b9c807
1828;8102f81000ba4d07
1829;0102f810041e02ed
1830;0102f810041f50c9
1831;0102f810041f6431
1832;0102f810041f6d9b
1833;0102f810070865a3
1834;0102f8105109ded8
1835;0102f81095000375
1836;8102f81000996304
1837;8102f81000997505
1838;8102f81000998f05
1839;8102f8100099950b
1840;8102f810009f2604
1841;0102f810041e55f1
1842;0102f810041f1338
1843;0102f810041f2463
1844;0102f810041f327d
1845;0102f810041f7ba6
1846;0102f81051092e3f
1847;0102f81095000124
1848;8102f81000996807
1849;8102f8100099720a
1850;8102f81000998407
1851;8102f8100099c007
1852;8102f81000a03209
1853;8102f81000a1f105
1854;0102f810041e365b
1855;0102f810041f183a
1856;0102f810041f8df9
1857;0102f810041ffea1
1858;0102f8105109d64d
1859;8102f8100099a802
1860;8102f8100099b308
1861;8102f8100099b907
1862;8102f8100099bd02
1863;8102f8100099c601
1864;8102f81000a1050c
1865;0102f810041f6f37
1866;0102f810041f9c43
1867;0102f81007082550
1868;0102f81007087f55
1869;0102f81007089e55
1870;8102f81000995609
1871;8102f81000995909
1872;8102f81000995f08
1873;8102f81000998e0a
1874;8102f8100099a202
1875;8102f81000a41d01
1876;8102f81000aeef06
1877;0102f810041f128c
1878;0102f810041f1f23
1879;0102f810041f5a89
1880;0102f810041fa437
1881;0102f810041fb27b
1882;0102f810041fd3ce
1883;0102f810041ff40d
1884;8102f810009f2602
1885;0102f810041e6574
1886;0102f810041f285b
1887;0102f810041f2eed
1888;0102f810041f3087
1889;0102f810041f3ea5
1890;0102f810041f5970
1891;0102f810041f9e98
1892;0102f810041fa3df
1893;0102f810041fe36c
1894;0102f810041fe679
1895;0102f810041fea61
1896;8102f8100099ae0c
1897;8102f81000ac0408
1898;8102f81000aeed06
1899;8102f81000aef006
1900;0102f810041f1494
1901;0102f810041f9c44
1902;0102f810041fb003
1903;0102f810041fda45
1904;0102f810070829fd
1905;0102f81007083ae6
1906;0102f8100708d6d3
1907;0102f81050fc05dc
1908;8102f8100099640a
1909;8102f81000997303
1910;8102f81000a49701
1911;0102f810041e4be0
1912;0102f810041e50d5
1913;0102f810041f285e
1914;0102f810041f2aad
1915;0102f810041f7190
1916;0102f810041f9156
1917;0102f810041fb5d9
1918;0102f810041ff79b
1919;8102f81000995a08
1920;8102f81000999f06
1921;8102f8100099a109
1922;8102f8100099a307
1923;8102f8100099aa04
1924;8102f8100099b50b
1925;8102f81000aeed03
1926;0102f810041f02b9
1927;0102f810041f3e54
1928;0102f810041f7192
1929;8102f81000999c01
1930;8102f8100099a203
1931;8102f8100099a309
1932;8102f8100099bd0c
1933;8102f810009eab03
1934;8102f81000a03202
1935;8102f81000ae8f05
1936;0102f810041e3361
1937;0102f810041f181d
1938;0102f810041f1957
1939;0102f810041f3f73
1940;0102f810041f4aa4
1941;0102f810041f4eab
1942;0102f810041fd5c5
1943;0102f810041ff0fe
1944;0102f8105109f08b
1945;0102f81095000377
1946;0102f810951402fe
1947;8102f81000997004
1948;8102f81000998e06
1949;8102f81000999504
1950;8102f8100099ae09
1951;0102f810041f5702
1952;0102f810041f8dd9
1953;0102f810041fed81
1954;0102f81007084d26
1955;8102f81000998f07
1956;8102f8100099930b
1957;8102f81000999f08
1958;8102f810009b2807
1959;8102f810009b9203
1960;0102f810041f2b21
1961;0102f810041f5297
1962;0102f810041f529e
1963;0102f810041f543e
1964;0102f810041fbf73
1965;0102f8100708a683
1966;8102f81000997508
1967;8102f81000998303
1968;8102f81000999209
1969;8102f81000999607
1970;8102f81000999c02
1971;8102f8100099b201
1972;8102f8100099bd05
1973;8102f81000ae4b02
1974;0102f810041f1f97
1975;0102f810041f2a85
1976;0102f810041f8263
1977;0102f810041f93a4
1978;0102f810041fb1fc
1979;0102f810041fc8ba
1980;0102f8105109006a
1981;0102f81051096598
1982;8102f81000995805
1983;8102f81000995e0c
1984;8102f81000997d0b
1985;8102f8100099a804
1986;8102f8100099b009
1987;8102f8100099b902
1988;0102f810041e4bdd
1989;0102f810041f285f
1990;0102f810041f2ef0
1991;0102f810041f30f3
1992;0102f810041f4866
1993;0102f810041fc5ab
1994;0102f810041fd270
1995;8102f81000997208
1996;8102f81000998b0b
1997;8102f81000999603
1998;8102f8100099960b
1999;8102f81000999e03
2000;8102f81000999f0a
2001;8102f8100099b90a
2002;8102f810009ec605
2003;0102f810041f08d5
2004;0102f810041f2832
2005;0102f810041f56c1
2006;0102f810041f5a69
2007;0102f810041f95b1
2008;0102f810041fba48
2009;0102f81007082a36
2010;8102f81000995705
2011;8102f81000996806
2012;8102f81000999309
2013;0102f810041f0845
2014;0102f810041f3062
2015;0102f810041f30f7
2016;0102f810041f542f
2017;0102f810041f78a1
2018;0102f810041fb675
2019;0102f810070888bd
2020;0102f81051094cd8
2021;8102f81000997907
2022;8102f81000a45d04
2023;8102f81000b9c907
2024;0102f810041f0244
2025;0102f810041fd3eb
2026;8102f81000995902
2027;8102f81000996402
2028;8102f81000b9c902
2029;8102f81000b9cc0a
2030;0102f810041f0130
2031;0102f810041f2578
2032;0102f810041f25fd
2033;0102f810041f35ca
2034;0102f810041fd04c
2035;0102f810041fd225
2036;0102f810041fe669
2037;0102f8100708d2d5
2038;0102f81051098aa8
2039;8102f81000995202
2040;8102f81000995301
2041;8102f81000997d05
2042;8102f81000998a04
2043;8102f81000999605
2044;8102f8100099a101
2045;8102f8100099a80b
2046;8102f810009fd701
2047;8102f81000a1f108
2048;8102f81000aeeb03
2049;8102f81000ba4d02
2050;8102f81000bad006
2051;0102f810041f44d9
2052;0102f810041f4dca
2053;0102f8100708538a
2054;0102f810070872b1
2055;0102f8100708d432
2056;8102f8100099580c
2057;8102f81000995c0a
2058;8102f81000996303
2059;8102f8100099c006
2060;8102f8100099c60b
2061;8102f81000a05006
2062;8102f81000ae4b03
2063;8102f81000ae4b05
2064;0102f810041f166f
2065;0102f810041f18ea
2066;0102f810041f4de5
2067;0102f810041f6fe8
2068;0102f810041fa4bb
2069;0102f810041fdc62
2070;0102f8100708656a
2071;0102f81095000125
2072;8102f8100099530c
2073;8102f81000996905
2074;8102f81000997d03
2075;8102f81000998a03
2076;8102f81000998c09
2077;8102f8100099920c
2078;8102f81000999e06
2079;0102f810041f3061
2080;0102f810041f8199
2081;0102f810041f86cc
2082;0102f810041f8df8
2083;0102f810041fac06
2084;0102f8100708e480
2085;0102f8105109007a
2086;0102f81051092682
2087;8102f8100099590c
2088;8102f8100099650c
2089;8102f81000997d01
2090;8102f8100099ab02
2091;8102f81000a0320c
2092;8102f81000a49702
2093;8102f81000ac0405
2094;8102f81000aeef04
2095;0102f810041f3cff
2096;0102f810041f50cd
2097;0102f81007089ba1
2098;0102f8105109e489
2099;8102f8100099a80a
2100;8102f8100099b505
2101;0102f810041e4b29
2102;0102f810041f0783
2103;0102f810041f6090
2104;0102f810041f7ed9
2105;0102f810041fc1fa
2106;0102f810041fce53
2107;0102f810041ff53d
2108;0102f8100708319a
2109;0102f8105109006e
2110;0102f81051090084
2111;8102f81000995e0b
2112;8102f8100099b506
2113;8102f81000a10504
2114;8102f81000bad001
2115;0102f810041f1e23
2116;0102f810041f1ff7
2117;0102f810041f3088
2118;0102f810041f58a9
2119;0102f810041f721d
2120;0102f810041fcfe6
2121;0102f810041fdcde
2122;0102f81007084349
2123;0102f810070874af
2124;0102f8100708815c
2125;0102f810070892d5
2126;0102f8100708ba3a
2127;8102f81000998408
2128;8102f81000a1f103
2129;8102f81000b9c806
2130;0102f810041f63f8
2131;0102f810070885a2
2132;0102f8100708d66f
2133;8102f81000999308
2134;8102f8100099b90b
2135;8102f81000ba4d01
2136;0102f810041f0421
2137;0102f810041f05ce
2138;0102f810041f9da2
2139;0102f810041fc8d6
2140;8102f81000995907
2141;8102f81000995b09
2142;8102f81000997702
2143;8102f8100099bc03
2144;8102f81000ae7704
2145;8102f81000aeed02
2146;0102f810041f53ba
2147;0102f810041f5f6a
2148;8102f81000996308
2149;8102f81000997203
2150;8102f81000998e01
2151;8102f8100099b203
2152;8102f81000ae8f01
2153;8102f81000aeca03
2154;8102f81000b9cb01
2155;0102f810041f1b74
2156;0102f810041f2818
2157;0102f810041f58b0
2158;0102f810041f7211
2159;0102f810041f84a5
2160;0102f810041ffba2
2161;0102f8100708b47e
2162;0102f8100708c61e
2163;8102f81000995f01
2164;8102f8100099690a
2165;8102f8100099a205
2166;0102f810041f0132
2167;0102f810041f4008
2168;0102f810041f893e
2169;0102f810041f8dd8
2170;0102f810041fe97e
2171;0102f81007081b0d
2172;0102f8100708a819
2173;0102f8100708ad15
2174;0102f8100708e791
2175;0102f810510995b0
2176;8102f8100099770b
2177;8102f81000997d06
2178;8102f81000998f02
2179;8102f8100099ae0a
2180;8102f81000a10501
2181;8102f81000a45d07
2182;8102f81000a4d906
2183;0102f810041f0786
2184;0102f810041f50cc
2185;0102f810041f685f
2186;0102f810041fa4f0
2187;0102f810041ff4de
2188;0102f81051090085
2189;0102f810510904cb
2190;8102f81000995606
2191;8102f81000998307
2192;8102f8100099b501
2193;8102f810009aa201
2194;8102f810009d2e01
2195;0102f810041f0734
2196;0102f8100708aa72
2197;8102f81000998402
2198;8102f81000998f03
2199;8102f8100099ad11
2200;8102f8100099b305
2201;8102f81000b9c802
2202;0102f810041f1e0c
2203;0102f810041f7718
2204;0102f810041ff3c2
2205;8102f8100099830a
2206;8102f810009b2804
2207;8102f81000a4bb02
2208;8102f81000ae8f02
2209;0102f810041f5dbf
2210;0102f810041f6445
2211;0102f810041f7213
2212;0102f810041f97bc
2213;0102f810041fd091
2214;0102f810041fd2a1
2215;0102f810041fe29b
2216;0102f81051091d7e
2217;0102f8105109bc1e
2218;0102f8105109e3d4
2219;8102f81000996804
2220;8102f81000998f09
2221;8102f8100099a302
2222;8102f81000aeee06
2223;0102f810041f093c
2224;0102f810041f9686
2225;0102f810041f97cf
2226;0102f810070892e6
2227;8102f8100099590a
2228;8102f81000996c06
2229;8102f81000998a01
2230;8102f8100099b20b
2231;8102f810009f1705
2232;0102f810041e340a
2233;0102f810041e85b5
2234;0102f810041f0243
2235;0102f810041f06e2
2236;0102f810041ff73b
2237;0102f81007082949
2238;8102f81000994e07
2239;8102f8100099ad0c
2240;8102f81000aeee04
2241;0102f810006f0001
2242;0102f810041f374a
2243;0102f810041f46ab
2244;0102f810041f543d
2245;0102f8100708499b
2246;8102f81000a05011
2247;0102f810041f3086
2248;0102f810041f4605
2249;0102f810041f5e08
2250;0102f8100708468c
2251;0102f8100708cc9e
2252;8102f81000996808
2253;8102f8100099720c
2254;8102f8100099a803
2255;8102f8100099b602
2256;8102f8100099b701
2257;8102f810009d2e05
2258;8102f81000a1f102
2259;8102f81000b9cb04
2260;8102f81000babe01
2261;0102f810041e3d4a
2262;0102f810041f09de
2263;0102f810041f516d
2264;0102f810041f7505
2265;0102f810041f7bca
2266;0102f810070880b9
2267;8102f81000995f0a
2268;8102f81000997005
2269;8102f81000999302
2270;8102f810009c5105
2271;8102f810009c5d06
2272;8102f81000ae8f04
2273;0102f810041f181f
2274;0102f810041f324b
2275;0102f810041f4708
2276;0102f810041f6dcf
2277;0102f810041fa199
2278;0102f810041fb967
2279;0102f810041fcab8
2280;0102f8100708c13a
2281;8102f81000994e02
2282;8102f81000995a04
2283;8102f81000996801
2284;8102f81000996907
2285;8102f8100099a809
2286;8102f8100099ac04
2287;8102f8100099b30b
2288;8102f810009c510a
2289;8102f810009ec602
2290;8102f81000ac040a
2291;8102f81000ba4d05
2292;0102f810041f009a
2293;0102f810041f7572
2294;0102f810041f7914
2295;0102f810041fafef
2296;0102f81051090a29
2297;8102f8100099560a
2298;8102f8100099560c
2299;8102f81000997707
2300;8102f81000998304
2301;8102f81000998b08
2302;8102f8100099ad10
2303;8102f8100099c60c
2304;8102f810009b9204
2305;8102f81000a1f106
2306;8102f81000a45d0b
2307;8102f81000ac0407
2308;8102f81000aeed01
2309;0102f810041f0241
2310;0102f810041f3d41
2311;0102f8105109b3b6
2312;0102f810950003e2
2313;8102f81000999604
2314;8102f8100099bd03
2315;8102f8100099bd0b
2316;8102f81000b9c901
2317;8102f81000b9cc0b
2318;0102f810041f74a8
2319;0102f810041f7fc4
2320;0102f8100708ac3d
2321;0102f8105109ff0d
2322;8102f8100099ad0f
2323;8102f810009f1702
2324;8102f81000a05008
2325;8102f81000a93102
2326;8102f81000ad6c01
2327;0102f810041f3e53
2328;0102f810041fa9d0
2329;0102f810041fd30e
2330;0102f81007083dc9
2331;0102f81051095ddf
2332;8102f81000997503
2333;8102f81000998f0c
2334;8102f81000999304
2335;8102f810009c5102
2336;8102f810009e8308
2337;8102f81000b9cb03
2338;8102f81000b9cc01
2339;0102f810041eab7f
2340;0102f810041f0246
2341;0102f810041f285d
2342;0102f810041f3749
2343;0102f810041f3c97
2344;0102f810041f8461
2345;0102f810041f84be
2346;0102f810041f9da3
2347;0102f8100708f4d3
2348;8102f81000995608
2349;8102f81000996408
2350;8102f81000999509
2351;8102f81000a11b06
2352;8102f81000aef406
2353;8102f81000ba4d06
2354;0102f810041e18a8
2355;0102f810041e1cc9
2356;0102f810041f2681
2357;0102f810041fe0f3
2358;0102f81007084784
2359;0102f81051090316
2360;0102f81051097410
2361;8102f81000994e06
2362;8102f8100099a10b
2363;8102f8100099ad12
2364;8102f8100099b601
2365;8102f81000b9c904
2366;8102f81000b9cb02
2367;0102f810041e02e9
2368;0102f810041e18a7
2369;0102f810041f3e58
2370;0102f810041f4876
2371;0102f810041f6467
2372;0102f810041fade1
2373;0102f8105109f990
2374;8102f81000998c06
2375;8102f81000a12c08
2376;0102f810041c61c6
2377;0102f810041caa4f
2378;0102f810041c2388
2379;0102f810041c1e32
2380;0102f810041ca91f
2381;8102f81000a12c0a
2382;0102f810041c0180
2383;0102f810041c8895
2384;0102f810041c2e85
2385;8102f81000a13e05
2386;0102f810041c9af2
2387;8102f81000a13e07
2388;0102f810041c46ca
2389;8102f81000a1730c
2390;0102f810041c1660
2391;8102f81000a31305
2392;0102f810041c31a4
2393;8102f81000add502
2394;8102f81000a13e03
2395;8102f81000a6a103
2396;0102f810041c8093
2397;0102f810041c57f6
2398;8102f81000a56f03
2399;8102f81000a6a101
2400;8102f81000a6a102
2401;0102f810041c8966
2402;0102f810041cfd24
2403;8102f81000a12c06
2404;8102f81000a31303
2405;0102f810041c6a1e
2406;8102f81000a13e02
2407;0102f810041c19dc
2408;0102f810041c23e2
2409;0102f810041ceb0c
2410;8102f81000a12c09
2411;8102f81000a6a104
2412;8102f81000add509
2413;0102f810041c831c
2414;8102f81000a12c03
2415;0102f810041c3d06
2416;0102f810041cc85e
2417;0102f810041c014a
2418;0102f810041c5679
2419;8102f81000a6a106
2420;8102f81000add507
2421;8102f81000a13e06
2422;8102f81000a1730b
2423;0102f810041c05c8
2424;8102f81000a56f01
2425;0102f810041c5c87
2426;8102f81000add508
2427;0102f810041c479b
2428;0102f810041ca72b
2429;0102f810041cd9f2
2430;0102f810041c07be
2431;0102f810041ceec2
2432;8102f81000a31304
2433;0102f810041cb646
2434;0102f810041c23d9
2435;8102f81000b9cd01
2436;0102f810041cc265
2437;0102f810041cb6c1
2438;0102f810041c8685
2439;0102f810041c956a
2440;0102f810041c6a73
2441;0102f810041c0dfb
2442;0102f810041c3caa
2443;0102f810041c41e5
2444;8102f81000a56f04
2445;0102f810041cfd6d
2446;0102f810041c312e
2447;0102f810041c629e
2448;8102f81000add503
2449;0102f810041cef29
2450;8102f81000a17302
2451;0102f810041ca002
2452;0102f810041cb890
2453;8102f81000a1730a
2454;8102f81000a6a105
2455;0102f810041c8663
2456;0102f810041c52e1
2457;0102f810041c7b31
2458;8102f81000b9cd02
2459;0102f810041c910e
2460;8102f81000a12c04
2461;8102f81000add504
2462;8102f81000add505
2463;0102f810041ced55
2464;0102f810041ccca2
2465;0102f810041cf45c
2466;8102f81000add506
2467;0102f810041c4ef6
2468;0102f810041ce060
2469;8102f81000a12c0b
2470;8102f81000a17308
2471;8102f81000a17303
2472;0102f810041c4db6
2473;0102f810041ca72d
2474;8102f81000a17304
2475;0102f810041cf12c
2476;0102f810041c8778
2477;0102f810041c595b
2478;0102f810041ce770
2479;0102f810041c7961
2480;0102f810041c2f4b
2481;0102f810041c52b5
2482;8102f81000add501
2483;0102f810041cef25
2484;8102f81000a13e01
2485;0102f810041c49a0
2486;0102f810041cd671
2487;0102f810041c1787
2488;8102f81000a17309
2489;0102f810041c6e3a
2490;8102f81000a56f02
2491;0102f810041c425c
2492;0102f810041c7334
2493;0102f810041c4af9
2494;0102f810041ca767
2495;0102f810041cf666
2496;8102f81000a12c02
2497;8102f81000a17307
2498;8102f81000a17306
2499;0102f810041c55e0
2500;8102f81000a12c0c
2501;8102f81000b9cd03
2502;0102f810041ca040
2503;8102f81000a12c01
2504;0102f810041c2b46
2505;0102f810041ca221
2506;8102f81000a31302
2507;8102f81000a12c07
2508;0102f810041c996f
2509;0102f810041cf98e
2510;8102f81000a31306
2511;0102f810041cf52d
2512;8102f81000a12c05
2513;0102f810041c8bd0
2514;0102f810041ce0bb
2515;0102f810041cf864
2516;8102f81000a31301
2517;8102f81000a13e04
2518;8102f81000a13e08
2519;0102f810041c1148
2520;0102f810041c1769
2521;0102f810041cb175
2522;0102f810041cc038
2523;8102f81000a17301
2524;0102f810041cd401
2525;0102f810041cc17f
2526;8102f81000a56f05
2527;0102f810041c97e2
2528;0102f810041c8e63
2529;8102f81000a56f06
2530;0102f810041c08cc
2531;8102f81000a17305
2532;0102f810041ca172
2533;0102f810041c017f
2534;0102f810041cbda3
2535;8102f81000ae8003
2536;8102f81000b9d30a
2537;0102f810041ccbab
2538;8102f81000b9e508
2539;0102f8100708ef4a
2540;0102f81000688831
2541;0102f810041c002d
2542;8102f810009b0704
2543;0102f810041c77aa
2544;8102f810009b0706
2545;8102f81000b9ef0b
2546;8102f81000b9d30c
2547;8102f81000b9ef09
2548;0102f810041c9c9c
2549;0102f8100068c09c
2550;8102f810009ce202
2551;0102f810041c0179
2552;8102f81000b9d304
2553;0102f8100068b7b8
2554;0102f810041c5e19
2555;0102f810041ce4a6
2556;0102f810041c0687
2557;0102f810041cb7b3
2558;0102f81000685af0
2559;0102f81000687612
2560;0102f81000687efb
2561;0102f810041c8406
2562;0102f810041ceb34
2563;0102f8100708371f
2564;0102f810041ca550
2565;0102f810041cf797
2566;8102f81000b9d30b
2567;8102f81000ae8001
2568;8102f81000b9ef02
2569;0102f810041c1541
2570;8102f81000b9ef04
2571;0102f810041c002f
2572;0102f810041c0174
2573;0102f81007086860
2574;8102f81000b9e507
2575;8102f810009ce208
2576;0102f810041c9205
2577;8102f81000adca01
2578;0102f810041c017a
2579;0102f810041cb4db
2580;0102f810041cd124
2581;0102f810041c484b
2582;8102f81000b9ef08
2583;0102f81000689572
2584;8102f81000b9ef06
2585;0102f8100068a55e
2586;8102f81000b9ef01
2587;0102f8100708e2bc
2588;0102f8100708b483
2589;8102f81000af0a03
2590;8102f81000b9d309
2591;0102f81000688d5f
2592;0102f8100068e143
2593;8102f810009ce203
2594;8102f81000b9d302
2595;0102f8100068e061
2596;8102f81000b9d307
2597;0102f810041c002e
2598;8102f810009ce204
2599;0102f810006878c4
2600;8102f81000af0801
2601;8102f81000b9e505
2602;8102f81000b9e504
2603;0102f810006842ca
2604;8102f810009b0705
2605;8102f81000b9e506
2606;8102f81000b9ef0a
2607;0102f810041cefe1
2608;0102f810006800ff
2609;0102f810041c0146
2610;0102f810041c95b5
2611;0102f810041c265c
2612;8102f810009b0701
2613;8102f810009b0708
2614;0102f810041c214f
2615;0102f810041c6add
2616;0102f810041c1356
2617;0102f810041c82a6
2618;0102f810041c77c2
2619;0102f8100068d046
2620;0102f810041c5d72
2621;8102f81000b9ef07
2622;0102f810041c7af1
2623;8102f81000b9d306
2624;8102f810009b0709
2625;8102f810009ce209
2626;0102f8100708b86d
2627;0102f81000683446
2628;0102f8100068fa92
2629;0102f81000687310
2630;8102f810009b0703
2631;0102f81000686160
2632;0102f810041c3c68
2633;0102f810041c7dfc
2634;8102f810009ce20b
2635;0102f8100068c2ca
2636;0102f810041c73ac
2637;8102f81000af0b04
2638;0102f810041c014c
2639;0102f810041cd6ff
2640;0102f810041c366d
2641;8102f81000b9ef0c
2642;0102f8100708eba3
2643;0102f81000688268
2644;0102f8100068f9b3
2645;0102f81007081686
2646;8102f81000ae8002
2647;8102f81000af0d02
2648;0102f8100068f1c0
2649;8102f81000af0c01
2650;0102f810041c95ea
2651;8102f81000ae8006
2652;0102f810041c002b
2653;0102f8100068d549
2654;0102f810041cf1ad
2655;0102f8100068072d
2656;0102f81000684da8
2657;0102f810041c1e3a
2658;0102f810041c5dc9
2659;8102f810009b0702
2660;8102f810009b0707
2661;0102f81000689b53
2662;8102f81000af0e03
2663;8102f81000b9ef05
2664;0102f810041c6d7b
2665;0102f8100068b109
2666;8102f81000b9d301
2667;0102f81000680383
2668;0102f810041c0173
2669;0102f810041c002c
2670;8102f810009ce20a
2671;0102f810006852dd
2672;0102f8100068def9
2673;8102f81000b9e501
2674;8102f810009b070a
2675;8102f81000b9d303
2676;0102f810041c8d4e
2677;0102f8100708da3c
2678;8102f810009ce201
2679;0102f81007081a13
2680;8102f810009b070b
2681;8102f81000b9e509
2682;0102f810006823ee
2683;8102f810009ce20c
2684;8102f81000afc004
2685;8102f810009ce205
2686;8102f810009ce207
2687;8102f81000b9d305
2688;0102f810006883d7
2689;0102f810041c1bee
2690;0102f810041c8a36
2691;0102f81000686bf2
2692;0102f81007085173
2693;0102f81000688ddd
2694;8102f81000af0902
2695;0102f810041c1e17
2696;8102f81000b9d308
2697;8102f81000b9e503
2698;8102f810009b070c
2699;8102f81000ae9202
2700;0102f81000681cf0
2701;0102f810041c0030
2702;0102f810041cefce
2703;8102f810009ce206
2704;0102f8100068116b
2705;0102f810006829cc
2706;0102f8100708545f
2707;0102f810041c64ca
2708;0102f81000682967
2709;0102f810041c0145
2710;0102f8100068c9b0
2711;0102f8100068c430
2712;8102f81000ae8005
2713;0102f8100708fa51
2714;8102f81000b9ef03
2715;0102f81000680c9d
2716;0102f8100068753b
2717;8102f81000ae8004
2718;0102f8100068e497
2719;0102f810041c014b
2720;8102f81000b9e502
2721;0102f810070852ea
